x,sample_0,sample_1,sample_2,sample_3,sample_4,sample_5
0.0,47.29771237110714,48.002194262120966,45.0958498174684,46.5592276734935,49.20862866036996,50.86075865769702
1.0,47.345346193370325,47.90935093245726,45.152305347680894,46.52167672771814,49.11909464662695,50.88915556124719
2.0,47.39769671648009,47.819527968478084,45.21367270972994,46.487576309880644,49.032405891218566,50.92239980455186
3.0,47.45464664208674,47.73274420763813,45.279836557357655,46.45690229995909,48.94857028998022,50.96038260585611
4.0,47.51607615820105,47.64901712096826,45.35067897961984,46.429629788556525,48.867594706362475,51.002992292841796
5.0,47.58186309745317,47.568362817864255,45.426079653041384,46.40573312489941,48.78948499097474,51.05011445549575
6.0,47.65188309726974,47.49079605181841,45.505915995704186,46.38518596473253,48.71424600162213,51.10163210141352
7.0,47.726009761773874,47.416330227080046,45.590063323081054,46.36796131804844,48.64188162380376,51.157425813347466
8.0,47.80411482521108,47.344977406229646,45.6783950054267,46.354031596589415,48.57239479164016,51.21737390880672
9.0,47.886068316702506,47.27674831865044,45.77078262653571,46.34336866106096,48.505787509197056,51.28135260151292
10.0,47.97173872612556,47.21165236988084,45.867096143676164,46.33594386799617,48.44206087217314,51.34923616451509
11.0,48.060993170921115,47.14969765182967,45.96720404850586,46.33172811621119,48.381215089918335,51.42089709476407
12.0,48.153697563625386,47.090890953835846,46.070973528778,46.33069189279278,48.32324950774969,51.496206278946424
13.0,48.24971677992401,47.035237774553046,46.17827063064189,46.33280531855977,48.268162629531425,51.57503316037572
14.0,48.34891482702588,46.98274233463934,46.288960421344164,46.338038192941085,48.215952140485875,51.65724590673858
15.0,48.45115501215358,46.93340759023084,46.402907152135604,46.34636003821428,48.16661493020162,51.74271157849213
16.0,48.556300110947866,46.887235247177806,46.51997442118899,46.3577401430492,48.12014711580567,51.83129629770827
17.0,48.66421253558391,46.844225776021055,46.64002533633324,46.37214760530294,48.07654406526611,51.92286541716114
18.0,48.77475450239744,46.804378427685684,46.76292267741006,46.389551374013024,48.03580042079176,52.017283689452924
19.0,48.887788198820054,46.76769124986844,46.888529058059746,46.4099202905374,47.99791012229594,52.114415435973996
20.0,49.00317594942394,46.734161104094895,47.0167070867438,46.43322312879094,47.962866430891054,52.2141247154939
21.0,49.120780380877434,46.7037836834214,47.14731952681351,46.4594286345295,47.93066195238115,52.31627549217994
22.0,49.24046458561483,46.67655353075672,47.28022945543453,46.488505563634234,47.901288660720056,52.42073180284153
23.0,49.36209228402519,46.65246405777756,47.41530042117962,46.5204227193501,47.87473792140248,52.52735792319941
24.0,49.4855279849672,46.63150756441174,47.5523966001034,46.55514898843429,47.851000514756336,52.63601853298033
25.0,49.61063714441949,46.613675258862415,47.69138295011497,46.59265337617174,47.83006665910452,52.74657887963946
26.0,49.73728632207794,46.59895727814594,47.8321253634668,46.632905040216585,47.81192603376493,52.858904940514655
27.0,49.865343335714755,46.587342709116406,47.9744908171805,46.6758733232203,47.796567801858,52.972863583218896
28.0,49.994677413116456,46.578819609948525,48.11834752123322,46.72152778420862,47.78398063289132,53.08832272407956
29.0,50.12515934142163,46.573375032051146,48.26356506433096,46.7698382286717,47.77415272509173,53.20515148443573
30.0,50.256661613682276,46.570995042382656,48.41001455709858,46.82077473733315,47.76707182745539,53.323220344607705
31.0,50.38905857247629,46.57166474613991,48.55756877251943,46.87430769356617,47.762725261487454,53.4424012953557
32.0,50.52222655040255,46.57536830979163,48.70610228346119,46.930407809426214,47.761099942603046,53.56256798664821
33.0,50.65604400729375,46.582088984427365,48.85549159712815,46.98904615027223,47.76218240116238,53.68359587356374
34.0,50.790391663986625,46.59180912939283,49.00561528628438,47.05019415794999,47.76595880311318,53.80536235915361
35.0,50.925152632493464,46.60451023618232,49.156354117095866,47.11382367251332,47.77241497021451,53.927746934097094
36.0,51.06021254242319,46.620172952558896,49.30759117344458,47.17990695246105,47.781536399816815,54.05063131298436
37.0,51.1954596635054,46.63877710687301,49.45921197757138,47.248416693469466,47.79330828417361,54.17389956706711
38.0,51.33078502407527,46.660301732550195,49.6111046069097,47.31932604560223,47.80771552926141,54.29743825332115
39.0,51.466082525382625,46.684725092718516,49.76315980697662,47.3926086289819,47.82474277308493,54.421136539669604
40.0,51.60124905159347,46.712024704946415,49.91527110019278,47.46823854790903,47.84437440344573,54.54488632622079
41.0,51.73618457535794,46.7421773660621,50.067334890507965,47.54619040341757,47.866594575153385,54.668582362379304
42.0,51.87079225882383,46.775159177025174,50.219250563714176,47.62643930425657,47.891387226658786,54.792122359694254
43.0,52.00497854998094,46.81094556782191,50.370920583333685,47.70896087629123,47.91873609609083,54.91540710031415
44.0,52.13865327422689,46.849511322355454,50.522250581974774,47.79373127031801,47.948624736677964,55.03834054092271
45.0,52.2717297210515,46.89083060330264,50.67314944805388,47.880727168290655,47.981036531537555,55.160829912036625
46.0,52.404124725742314,46.9348769769094,50.82352940778843,47.96992578795665,48.01595470781693,55.28278581255088
47.0,52.53575874602048,46.98162343769692,50.97330610237041,48.06130488590519,48.05336235017066,55.404122299424095
48.0,52.666555933522545,47.0310424330511,51.122398660237096,48.15484275903032,48.09324241356045,55.52475697240186
49.0,52.79644420004948,47.083105887668424,51.270729764361086,48.250518244415034,48.135577735364,55.644611053682475
50.0,52.925355278511624,47.13778522783147,51.418225714488244,48.34831071764406,48.18035104678129,55.763609462435575
51.0,53.05322477850412,47.195051405487916,51.56481648425809,48.44820008955553,48.22754498352721,55.881680884090656
52.0,53.17999223645431,47.254874922107284,51.71043577314797,48.55016680144351,48.277142095800734,55.998757834318994
53.0,53.30560116028927,47.317225852290285,51.85502105318828,48.654191818725856,48.329124857521975,56.114776717638875
54.0,53.42999906857852,47.38207386710598,51.998513610402775,48.76025662309365,48.38347567482961,56.229677880580795
55.0,53.55313752411344,47.44938825713265,52.140858580934484,48.86834320316069,48.440176893832195,56.34340565935614
56.0,53.67497216189223,47.51913795517879,52.282004981824215,48.978434043633605,48.49921080760796,56.455908421979366
57.0,53.795462711485754,47.59129155866141,52.421905736415205,49.09051211302497,48.560559662449194,56.56713860480078
58.0,53.91457301376681,47.66581735161912,52.56051769436426,49.20456084993424,48.62420566334789,56.677052743413824
59.0,54.032271031992174,47.742683326338536,52.697801646246425,49.32056414792256,48.690130978721065,56.78561149790765
60.0,54.148528857233636,47.82185720457304,52.83372233274638,49.43850633901024,48.75831774437483,56.89277967244291
61.0,54.26332270816159,47.903306458333546,52.96824844843718,49.55837217582708,48.82874806670772,56.998526229135486
62.0,54.37663292519114,47.986998330231785,53.101352640152975,49.68014681244752,48.90140402515488,57.10282429623995
63.0,54.488443959007924,48.07289985335752,53.23301149996941,49.80381578394492,48.97626767387574,57.20565117063169
64.0,54.59874435349793,48.16097787067145,53.36320555281172,49.92936498470036,49.05332104268912,57.306988314593504
65.0,54.70752672311198,48.25119905389683,53.49191923871747,50.05678064550365,49.132546137260675,57.40682134691935
66.0,54.81478772470293,48.34352992189334,53.6191408897871,50.1860493094855,49.213924938548836,57.505140028355434
67.0,54.920528023879875,48.43793685849766,53.74486270186221,50.31715780692178,49.297439401516314,57.601938241405065
68.0,55.02475225593101,48.53438612981611,53.869080700978095,50.45009322895199,49.38307145311582,57.697213964531215
69.0,55.1274689813728,48.63284390095556,53.991794704642835,50.58484290025582,49.470802989558955,57.79096924079734
70.0,55.22869063619021,48.73327625217949,54.113008278002546,50.721394350733284,49.5606158728792,57.88321014099386
71.0,55.32843347683905,48.83564919447743,54.232728684957785,50.859735286234674,49.652491926800145,57.97394672130452
72.0,55.42671752008799,48.939928684536284,54.35096683430282,50.99985355838897,49.7464129319219,58.06319297557359
73.0,55.52356647778388,49.04608063910369,54.46773722096542,51.141737133579376,49.84236062023919,58.15096678224133
74.0,55.6190076866308,49.15407094873377,54.583057862430785,51.28537406111706,49.940316669005504,58.23728984602188
75.0,55.713072033078674,49.26386549090706,54.69695023043917,51.430752440664385,50.040262693959534,58.322187634404145
76.0,55.805793873423866,49.37543014251723,54.8094391780526,51.57786038896064,50.14218024192977,58.40568930906239
77.0,55.897210949229724,49.48873079171794,54.92055286219166,51.72668600590398,50.24605078283545,58.487827652269985
78.0,55.98736429818085,49.603733349124504,55.030322661748954,51.87721734004429,50.3518557011018,58.56863898841514
79.0,56.07629816049058,49.72040375836555,55.1387830913912,52.02944235354271,50.45957628650941,58.64816310072433
80.0,56.164059880986414,49.83870800598137,55.24597171116721,52.18334888665411,50.5691937244975,58.72644314330426
81.0,56.250699807003606,49.95861213066599,55.35192903204424,52.33892462178982,50.680689085942646,58.8035255486195
82.0,56.33627118222226,50.08008223185146,55.45669841749998,52.496157047218446,50.79404331643449,58.879459930527986
83.0,56.42083003658807,50.20308447763362,55.560325981302434,52.65503342046319,50.90923722507134,58.95429898300285
84.0,56.50443507246196,50.32758511203945,55.66286048161463,52.815540731454675,51.02625147279902,59.02809837467322
85.0,56.58714754714805,50.45355046163748,55.76435321156548,52.97766566549858,51.14506656031731,59.10091663932283
86.0,56.66903115195449,50.580946941492876,55.86485788643238,53.14139456611807,51.26566281557856,59.17281506248972
87.0,56.75015188794521,50.70974106047096,55.96443052758571,53.30671339783099,51.388020380904365,59.243857564314894
88.0,56.830577938545225,50.83989942589261,56.06312934334869,53.47360770892202,51.512119199746245,59.31411057879316
89.0,56.910379539165866,50.97138874754677,56.161014606930415,53.64206259427041,51.63793900311719,59.383642929582805
90.0,56.989628844019876,51.10417584106602,56.258148531593086,53.81206265829379,51.76545929572142,59.452525702536015
91.0,57.06839979029979,51.238227630671666,56.3545951432182,53.9835919780683,51.894659341810154,59.52083211511509
92.0,57.14676795989645,51.373511151296555,56.45042015043918,54.156634066685825,52.02551815079179,59.58863738286404
93.0,57.22481043883729,51.509993550093625,56.54569081251142,54.331171836908275,52.15801446262527,59.65601858310826
94.0,57.302605674626896,51.647642087340074,56.64047580509301,54.50718756517904,52.29212673302589,59.723054516058724
95.0,57.3802333316752,51.7864241367473,56.73484508411248,54.68466285605126,52.427833118513064,59.78982556350025
96.0,57.45777414500054,51.9263071851878,56.828869747901635,54.863578607092215,52.56511146132997,59.856413545246355
97.0,57.53530977239747,52.06725883185098,56.9226218977743,55.04391497432265,52.703939274265466,59.92290157354586
98.0,57.61292264526067,52.20924678684072,57.01617449723333,55.22565133824924,52.84429372540844,59.98937390562937
99.0,57.690695818258384,52.35223886922835,57.10960122998998,55.408766270547986,52.986151622865634,60.05591579458541
100.0,57.76871281804992,52.49620300457521,57.20297635698114,55.59323750145527,53.12948939947353,60.12261333875884
101.0,57.84705749124311,52.64110722194011,57.29637457257165,55.77904188792297,53.274283097535545,60.18955332986517
102.0,57.92581385178859,52.786919650387524,57.389870860129,55.966155382592866,53.420508353615396,60.25682310001699
103.0,58.005065928008385,52.933608515012864,57.48354034715947,56.1545530036449,53.56814038341803,60.32451036785905
104.0,58.0848976094571,53.08114213250229,57.57745816019469,56.344208805572364,53.71715396678914,60.39270308401058
105.0,58.16539249381349,53.22948890624494,57.67169927961817,56.535095850937104,53.867523432864424,60.46148927601382
106.0,58.24663373400138,53.37861732101591,57.7663383946213,56.72718618315523,54.019222645399786,60.53095689298832
107.0,58.32870388573734,53.528495937249424,57.86144975847844,56.920450800364186,54.17222498831329,60.60119365019158
108.0,58.41168475570317,53.67909338492162,57.95710704432996,57.11485963041935,54.3265033514697,60.672286873685906
109.0,58.49565725053983,53.83037835706342,58.05338320166189,57.31038150706836,54.48203011673851,60.744323345311976
110.0,58.58070122685873,53.98231960292429,58.150350313669634,57.50698414734874,54.63877714435536,60.81738914816917
111.0,58.666895342465125,54.134885920807996,58.24807945569258,57.7046341302541,54.79671575961742,60.891569512801624
112.0,58.75431690898695,54.288046150602355,58.34664055490459,57.90329687671163,54.95581673994231,60.96694866428897
113.0,58.843041746100496,54.441769166025104,58.44610225144434,58.10293663091308,55.11605030232007,61.043609670439146
114.0,58.933144037542895,54.596023866608405,58.54653176116759,58.30351644303895,55.277386091187296,61.121634291279435
115.0,59.02469618909883,54.75077916944519,58.64799474020132,58.504998153414476,55.439793166752,61.201102830040526
116.0,59.11776868874662,54.90600400072035,58.75055515147766,58.70734237813415,55.60323999379742,61.28209398582654
117.0,59.212429969146484,55.061667287050945,58.854275133423286,58.91050849618962,55.76769443099247,61.36468470816204
118.0,59.30874627265072,55.21773794665868,58.95921487097692,59.114454638134305,55.93312372073579,61.448950053604555
119.0,59.40678151901255,55.37418488039956,59.065432469105296,59.31913767631589,56.09949447956021,61.534963044609206
120.0,59.50659717596721,55.530976962674444,59.172983828984336,59.52451321670612,56.26677268912329,61.62279453082873
121.0,59.60825213285538,55.688083032245714,59.281922527009684,59.73053559235557,56.434923687809444,61.712513053029745
122.0,59.71180257745548,55.84547188298418,59.3922996967966,59.937157858498516,56.603912162967916,61.80418470980288
123.0,59.81730187618717,56.003112254571604,59.50416391432642,60.14433178933195,56.773702143810915,61.89787302724075
124.0,59.92480045784485,56.160972823183435,59.617561086392115,60.352007876489665,56.944256994994596,61.993638831754744
125.0,60.034345701015184,56.3190221921768,59.73253434249208,60.5601353292312,57.11553941090554,62.09154012619732
126.0,60.14598182532849,56.4772288828089,59.849123930316985,60.76866207636275,57.28751141067409,62.19163196945276
127.0,60.2597497866894,56.63556132501058,59.96736711496967,60.97753476990522,57.46013433393522,62.29396635965529
128.0,60.375687176626705,56.7939878482401,60.087298082054566,61.186698790522584,57.63336883735681,62.39859212118895
129.0,60.49382812589836,56.95247667244197,60.20894784476705,61.39609825472124,57.80717489195424,62.50555479561877
130.0,60.61420321248127,57.1109958991354,60.33234415510963,61.605676023829105,57.98151178120907,62.61489653669909
131.0,60.73683937407142,57.269513502657276,60.45751141935571,61.81537371476095,58.15633810000922,62.726656009598344
132.0,60.86175982521332,57.42799732158349,60.58447061787742,62.02513171257417,58.33161175442613,62.84086829447634
133.0,60.988983979172936,57.58641505035334,60.713239229447986,62.23488918481696,58.50728996234456,62.95756479454328
134.0,61.11852737466228,57.744734231120546,60.843831160124054,62.44458409766897,58.68332925495847,63.07677314872547
135.0,61.250401607517624,57.90292224585455,60.97625667680778,62.6541532338715,58.85968547914641,63.19851714905639
136.0,61.384614267428034,58.060946308715536,61.11052234558261,62.86353221244314,59.03631380073786,63.322816662906476
137.0,61.52116887980384,58.21877345872587,61.246630974910914,63.0726555101734,59.21316870868184,63.44968756015902
138.0,61.66006485286956,58.376370552760775,61.384581563776045,63.28145648488555,59.390204020127065,63.579141645433715
139.0,61.801297430058185,58.533704258880185,61.52436925484466,63.489867400457015,59.56737288642238,63.711186595452894
140.0,61.94485764777853,58.69074105002359,61.665985292719824,63.697819453584025,59.744627800045144,63.84582590163987
141.0,62.09073229861978,58.84744719808908,61.809416987348534,63.905242802274266,59.92192060246347,63.98305881803204
142.0,62.23890390005166,59.003788768417266,61.954647682641415,64.11206659604997,60.09920249293786,64.122880314585
143.0,62.38935066867113,59.159731614700334,62.10165673035581,64.31821900784105,60.27642403826602,64.26528103593782
144.0,62.5420465000405,59.315241374335855,62.250419469287074,64.52362726754559,60.45353518347369,64.4102472657022
145.0,62.696960954154584,59.47028346424431,62.400907209806476,64.72821769723411,60.63048526345316,64.55776089633254
146.0,62.85405924656781,59.6248230771689,62.55308722377731,64.93191574796988,60.807223015549795,64.70779940462634
147.0,63.01330224520536,59.77882517847536,62.70692273987468,65.13464603821744,60.98369659309617,64.86033583289792
148.0,63.174646472875395,59.93225450346884,62.86237294432732,65.33633239380816,61.159853579891134,65.01533877586161
149.0,63.338044115492586,60.08507555524448,63.01939298709358,65.53689788943038,61.335641005621596,65.17277237325344
150.0,63.503443036016066,60.237252603087114,63.1779339934767,65.73626489160874,61.51100536222176,65.33259630821347
151.0,63.670786794098035,60.38874968143545,63.33794308117821,65.93435510313708,61.68589262116489,65.49476581144384
152.0,63.84001467143237,60.539530589424544,63.499363382781134,66.131089608925,61.86024825168053,65.65923167115096
153.0,64.01106170278514,60.689558891020496,63.66213407364862,66.3263889232186,62.034017239889316,65.82594024877243
154.0,64.18385871268308,60.8387979157595,63.82619040521612,66.52017303815265,62.20714410884624,65.99483350048315
155.0,64.35833235772763,60.98721076010354,63.991463743649874,66.71236147358997,62.37957293948201,66.16584900446757
156.0,64.53440517449661,61.13476028942349,64.15788161383631,66.90287332820256,62.55124739243107,66.33891999393781
157.0,64.71199563298795,61.28140914061973,64.3253677486617,67.09162733174657,62.72211073073353,66.5139753958708
158.0,64.89101819555354,61.42711972538983,64.49384214353427,67.27854189848229,62.892105843397275,66.69093987543077
159.0,65.07138338126433,61.57185423415133,64.66322111609453,67.46353518168821,63.06117526980524,66.86973388603526
160.0,65.25299783564087,61.71557464062748,64.83341737105349,67.646525129217,63.229261224951856,67.05027372501792
161.0,65.43576440567772,61.858242707102136,65.00434007009153,67.82742954003972,63.3963056254913,67.23247159483256
162.0,65.61958222008273,61.99981999035003,65.17589490674543,68.00616612172321,63.562250116579506,67.41623566973742
163.0,65.8043467746461,62.14026784824656,65.34798418620323,68.18265254878399,63.72703609949041,67.60147016789149
164.0,65.9899500226483,62.27954744706131,65.52050690992287,68.3568065218614,63.89060475998593,67.78807542878776
165.0,66.17628047020871,62.417619769438026,65.69335886498195,68.52854582765052,64.05289709741861,67.97594799594259
166.0,66.36322327647187,62.554445623062925,65.86643271806227,68.69778839953524,64.21385395454388,68.16498070475284
167.0,66.5506603585212,62.68998565002232,66.03961811396576,68.86445237886029,64.373416048019,68.35506277542707
168.0,66.73847050090498,62.82420033684956,66.21280177855314,69.02845617677974,64.531523999564,68.54607991089026
169.0,66.92652946965333,62.95705002526016,66.38586762599145,69.1897185366195,64.68811836775926,68.73791439955528
170.0,67.11471013065915,63.08849492357337,66.55869687019035,69.34815859668912,64.84313968045343,68.93044522284914
171.0,67.30288257229118,63.218495118817074,66.73116814030308,69.50369595347918,64.99652846775474,69.12354816737519
172.0,67.49091423210116,63.347010589512166,66.90315760016175,69.6562507251777,65.14822529557725,69.31709594158731
173.0,67.67867002748311,63.4740012191316,67.07453907151216,69.8057436154405,65.29817079971367,69.51095829684634
174.0,67.86601249013653,63.599426810228195,67.24518416090879,69.95209597734816,65.44630572040465,69.70500215272381
175.0,68.05280190418154,63.723247099224366,67.41496239012542,70.09522987748294,65.59257093737449,69.89909172641224
176.0,68.23889644776892,63.845421771856174,67.58374132993305,70.23506816005776,65.73690750530194,70.09308866609675
177.0,68.42415233802379,63.96591047926275,67.75138673709178,70.37153451102986,65.87925668969405,70.28685218813739
178.0,68.60842397915721,64.08467285471176,67.9177626943999,70.5045535221303,66.01956000313106,70.48023921790691
179.0,68.79156411357631,64.20166853094989,68.08273175363908,70.63405075474184,66.15775924184881,70.67310453412433
180.0,68.97342397581932,64.31685715816735,68.24615508125115,70.7599528035562,66.29379652262482,70.86530091652001
181.0,69.15385344913871,64.43019842256358,68.40789260657785,70.88218735994256,66.42761431993439,71.05667929666362
182.0,69.33270122455181,64.54165206550078,68.56780317249256,71.00068327495906,66.55915550334109,71.24708891178301
183.0,69.50981496217548,64.6511779032316,68.72574468824904,71.11537062193871,66.68836337508696,71.43637746139746
184.0,69.68504145465798,64.75873584718511,68.88157428436959,71.22618075858234,66.81518170784669,71.62439126658549
185.0,69.85822679251876,64.8642859247959,69.03514846939247,71.3330463884903,66.93955478260918,71.81097543170432
186.0,70.02921653120458,64.96778830085869,69.18632328829581,71.43590162206618,67.06142742665055,71.99597400837445
187.0,70.19785585966707,65.06920329939166,69.33495448241277,71.53468203672512,67.18074505156167,72.17923016153982
188.0,70.36398977026623,65.16849142598944,69.48089765065116,71.62932473634115,67.29745369129289,72.36058633741236
189.0,70.52746322980106,65.26561339064683,69.62400841182831,71.71976840986709,67.41150004017904,72.53988443310541
190.0,70.68812135146813,65.3605301310333,69.76414256793068,71.8059533890627,67.522831490907,72.71696596775999
191.0,70.84580956754648,65.45320283619735,69.90115626810646,71.88782170526635,67.63139617238825,72.8916722549649
192.0,71.0003738026071,65.5435929706796,70.03490617319785,71.96531714514718,67.73714298749884,73.0638445762699
193.0,71.15166064704333,65.63166229901208,70.16524962061905,72.03838530537503,67.8400216506485,73.23332435559028
194.0,71.29951753071887,65.71737291058129,70.29204478938534,72.10697364614687,67.93998272514168,73.39995333429887
195.0,71.44379289652895,65.80068724483134,70.41515086509797,72.171031543509,68.03697766029234,73.56357374680125
196.0,71.5843363736701,65.88156811678301,70.53442820468948,72.23051034041623,68.13095882825473,73.72402849638887
197.0,71.72099895041472,65.95997874284446,70.64973850073402,72.28536339646944,68.22187956053281,73.88116133116381
198.0,71.85363314618597,66.03588276688775,70.76094494512745,72.33554613627498,68.30969418413059,74.03481701982936
199.0,71.9820931827298,66.10924428656597,70.86791239194268,72.38101609637039,68.39435805730609,74.18484152713943
200.0,72.10623515418158,66.18002787984423,70.97050751926588,72.42173297066238,68.4758276048922,74.33108218880125
201.0,72.22591719582546,66.24819863171804,71.06859898982084,72.4576586543244,68.55406035314721,74.47338788562492
202.0,72.34099965134637,66.31372216109165,71.16205761018935,72.48875728610265,68.62901496409897,74.6116092167148
203.0,72.45134523837595,66.37656464778884,71.25075648843702,72.51499528898141,68.70065126934637,74.74559867149854
204.0,72.55681921213507,66.43669285966821,71.33457118995562,72.53634140915922,68.76893030328246,74.87521080039036
205.0,72.65728952697839,66.49407417981416,71.41337989133501,72.5527667532904,68.83381433570426,75.00030238388669
206.0,72.75262699564763,66.54867663377541,71.48706353207945,72.56424482394712,68.89526690377403,75.12073259989413
207.0,72.84270544604361,66.60046891682181,71.55550596398537,72.57075155325961,68.95325284329829,75.23636318909111
208.0,72.9274018753292,66.64942042118997,71.61859409800098,72.57226533469382,69.00773831929057,75.34705861812697
209.0,73.00659660117842,66.69550126328876,71.67621804838942,72.56876705292765,69.05869085578507,75.45268624046456
210.0,73.08017340999017,66.73868231083452,71.72827127402128,72.56024011178899,69.10607936486873,75.55311645467478
211.0,73.14801970188822,66.77893520988634,71.77465071662505,72.5466704602206,69.14987417490012,75.64822285999423
212.0,73.21002663233253,66.81623241175173,71.81525693582729,72.5280466162395,69.1900470578837,75.73788240896059
213.0,73.26608925017145,66.85054719973219,71.84999424081771,72.50435968885935,69.22657125597006,75.82197555694282
214.0,73.31610663196717,66.88185371567904,71.87877081847884,72.47560339794808,69.25942150705175,75.90038640838755
215.0,73.359982012432,66.9101269863293,71.90149885782304,72.44177409199378,69.28857406942682,75.97300285960586
216.0,73.39762291081686,66.93534294939133,71.918094670584,72.40287076375498,69.31400674550169,76.03971673792925
217.0,73.42894125309824,66.95747847935067,71.92847880781461,72.35889506377302,69.335698904507,76.10042393706692
218.0,73.45385348981395,66.9765114129659,71.93257617234708,72.30985131172676,69.35363150420021,76.15502454850142
219.0,73.4722807094041,66.99242057442483,71.93031612697565,72.25574650561256,69.36778711152978,76.20342298876405
220.0,73.48414874691765,67.00518580013126,71.92163259822809,72.19659032873356,69.37814992223738,76.24552812243519
221.0,73.48938828795063,67.01478796309326,71.90646417559581,72.13239515448623,69.38470577937473,76.2812533807212
222.0,73.48793496768783,67.02120899688343,71.88475420609862,72.06317604893273,69.38744219071314,76.31051687546284
223.0,73.47972946492467,67.02443191914247,71.85645088406496,71.98895077115172,69.38634834502508,76.33324150843663
224.0,73.46471759095245,67.02444085459736,71.82150733601395,71.90973977136102,69.38141512721769,76.34935507581498
225.0,73.44285037319506,67.02122105756584,71.77988170053129,71.82556618680914,69.3726351322996,76.3587903676572
226.0,73.4140841334925,67.01475893391954,71.73153720303651,71.73645583543419,69.36000267816374,76.36148526230876
227.0,73.3783805609314,67.00504206247804,71.67644222534521,71.64243720729155,69.34351381716921,76.3573828155917
228.0,73.33570677912984,66.9920592158067,71.61457036993572,71.54354145375406,69.32316634650749,76.346431344676
229.0,73.28603540788976,66.97580038039236,71.54590051883552,71.43980237449014,69.2989598173388,76.32858450652655
230.0,73.22934461913687,66.95625677616972,71.47041688704918,71.33125640222913,69.27089554268534,76.3038013708276
231.0,73.16561818707437,66.93342087537415,71.38810907045587,71.21794258532337,69.2389766040707,76.27204648729256
232.0,73.09484553248345,66.90728642069485,71.29897208811026,71.09990256812111,69.2032078568942,76.23328994727288
233.0,73.01702176111053,66.87784844270465,71.20300641888807,70.97718056916503,69.16359593453157,76.18750743958775
234.0,72.93214769608775,66.8451032765426,71.10021803242292,70.84982335723419,69.12014925115405,76.13468030050097
235.0,72.84022990433999,66.80904857782602,70.9906184142886,70.71788022524946,69.07287800325913,76.07479555778016
236.0,72.74128071693892,66.76968333776986,70.87422458538691,70.58140296206467,69.02179416990809,76.00784596877864
237.0,72.63531824337151,66.72700789749166,70.75105911550813,70.44044582216789,68.96691151166587,75.9338300524882
238.0,72.52236637969735,66.68102396148078,70.62115013103812,70.29506549331984,68.908245568241,75.85275211551736
239.0,72.40245481057572,66.63173461021252,70.48453131679216,70.14532106215813,68.84581365482396,75.76462227195725
240.0,72.27561900515188,66.57914431188685,70.34124191196304,69.99127397779843,68.77963485712417,75.66945645710356
241.0,72.14190020679717,66.52325893327362,70.1913267001776,69.83298801346616,68.70973002510634,75.567276435011
242.0,72.00134541670626,66.4640857496466,70.0348359936623,69.67052922619354,68.63612176542965,75.45810979986301
243.0,71.85400737136085,66.40163345378916,69.87182561152564,69.50396591461968,68.55883443259239,75.34198997114693
244.0,71.69994451387738,66.33591216405578,69.70235685217207,69.33336857493335,68.47789411878844,75.21895618263254
245.0,71.539220959262,66.26693343147438,69.52649645986847,69.158809854999,68.39332864248117,75.0890534651577
246.0,71.37190645360407,66.19471024587494,69.34431658549114,68.98036450671053,68.30516753570306,74.95233262323349
247.0,71.1980763272465,66.11925704103163,69.15589474148845,68.79810933661675,68.21344203008972,74.8088502054875
248.0,71.01781144197739,66.04058969880586,68.96131375110038,68.61212315486654,68.11818504165876,74.65866846897102
249.0,70.83119813229548,65.95872555227906,68.76066169188286,68.42248672252174,68.01943115434536,74.50185533736352
250.0,70.63832814080747,65.87368338786496,68.55403183359219,68.22928269728898,67.9172166023068,74.33848435311468
251.0,70.4392985478237,65.78548344639181,68.34152257049028,68.03259557772195,67.81157925101063,74.1686346235706
252.0,70.23421169522351,65.69414742314667,68.12323734813862,67.83251164594822,67.70255857712131,73.9923907611388
253.0,70.02317510467014,65.59969846687407,67.89928458475515,67.62911890897607,67.59019564720225,73.80984281755313
254.0,69.80630139025986,65.5021611777232,67.6697775872146,67.42250703863766,67.4745330952506,73.62108621230594
255.0,69.58370816569807,65.40156160413817,67.4348344617783,67.21276731022736,67.35561509908393,73.42622165532283
256.0,69.35551794609981,65.29792723868752,67.19457801964705,66.99999253989411,67.23348735559864,73.22535506396056
257.0,69.12185804451991,65.19128701282976,66.94913567743531,66.78427702084939,67.10819705492146,73.01859747441667
258.0,68.88286046332317,65.0816712906128,66.69863935267128,66.56571645845226,66.97979285347621,72.80606494764484
259.0,68.63866178051083,64.96911186130703,66.44322535443378,66.34440790423504,66.84832484598918,72.58787846987651
260.0,68.38940303112669,64.85364193097135,66.1830342692415,66.12044968893403,66.71384453645754,72.36416384785655
261.0,68.13522958386982,64.73529611295432,65.91821084231644,65.89394135458997,66.57640480810646,72.13505159890477
262.0,67.87629101304876,64.61411041733191,65.6489038543486,65.66498358578522,66.4360598923609,71.90067683592378
263.0,67.61274096601568,64.49012223928617,65.37526599389375,65.43367814008434,66.29286533686027,71.66117914747721
264.0,67.34473702622493,64.3633703464286,65.09745372554204,65.20012777774593,66.14687797254349,71.41670247306931
265.0,67.07244057206559,64.23389486507432,64.81562715399916,64.96443619077446,65.9981558798346,71.167394973762
266.0,66.79601663162224,64.10173726547347,64.52994988422716,64.72670793138113,65.84675835395828,70.91340889827136
267.0,66.5156337335232,63.96694034600772,64.24058887779653,64.4870483399238,65.69274586941708,70.65490044468984
268.0,66.23146375403947,63.82954821636056,63.94771430560524,64.24556347239577,65.5361800436619,70.39202961798676
269.0,65.9436817606026,63.689606279671416,63.651499397124944,64.00236002753442,65.37712359998801,70.12496008344336
270.0,65.65246585191349,63.54716121368449,63.352120286338504,63.75754527362036,65.21564032969073,69.85385901618422
271.0,65.35799699481821,63.402260950904044,63.04975585453685,63.511226975038596,65.05179505351441,69.57889694697113
272.0,65.06045885813027,63.25495465776953,62.74458757014674,63.263513318672494,64.88565358242931,69.30024760442953
273.0,64.76003764358327,63.10529271286415,62.43679932576459,63.01451284020256,64.71728267777252,69.01808775388226
274.0,64.45692191409977,62.953326684172154,62.12657727257464,62.76433435038075,64.54675001078803,68.7325970329687
275.0,64.15130241956668,62.79910930540074,61.81410965233281,62.51308686135218,64.37412412160319,68.44395778423178
276.0,63.843371920309615,62.64269445138348,61.4995866271006,62.26087951309498,64.19947437767843,68.15235488485821
277.0,63.53332500846119,62.484137112583326,61.183200106915606,62.00782150004946,64.02287093176761,67.8579755737609
278.0,63.22135792742124,62.323493368713855,60.86514357558797,61.75402199800668,63.844384679427314,67.56100927619545
279.0,62.907668389608595,62.160820361498736,60.5456119148141,61.499590091327114,63.66408721611322,67.26164742610564
280.0,62.59245539270641,61.99617626658995,60.224801226801034,61.24463470055865,63.48205079390246,66.96008328639512
281.0,62.275919034604414,61.82962026466627,59.90290865559639,60.98926451052332,63.29834827788093,66.65651176732526
282.0,61.9582603272431,61.66121251173457,59.58013220732042,60.73358789894085,63.113053102234865,66.35112924324073
283.0,61.63968100956625,61.49101410865702,59.25667056949807,60.47771286565713,62.926239226086196,66.04413336782723
284.0,61.320383359789,61.3190870699283,58.93272292968984,60.22174696254434,62.7379810891115,65.73572288810605
285.0,61.00057000718935,61.14549429172756,58.60848879362093,59.96579722413889,62.54835356698432,65.42609745737303
286.0,60.680443743631955,60.970299519270895,58.28416780300919,59.7099700990823,62.35743192668081,65.11545744728984
287.0,60.360207335032534,60.79356731349028,57.95995955329193,59.45437138242902,62.165291781688694,64.80400375933613
288.0,60.04006333297235,60.61536301706636,57.63606341145283,59.19910614888448,61.9720090471595,64.49193763583312
289.0,59.72021388667086,60.435752719842576,57.31267833414884,58.94427868703507,61.77765989504417,64.17946047074817
290.0,59.40086055552515,60.25480322364892,56.99000268633786,58.68999243463075,61.5823207092518,63.866773620490925
291.0,59.08220412242317,60.072582006564225,56.66823406060593,58.43634991497967,61.386068040871244,63.554078214911236
292.0,58.76444440803779,59.889157186646806,56.34756909739354,58.1834526745129,61.188978563495205,63.241574968709294
293.0,58.44778008630658,59.70459748516304,56.028203306318,57.93140122157573,60.99112902868627,62.92946399346705
294.0,58.1324085013017,59.518972189344964,55.710330888788626,57.68029496650089,60.792596221623896,62.61794461050994
295.0,57.81852548569162,59.33235111470753,55.394144562109254,57.4302321630169,60.593456916971135,62.307215164806344
296.0,57.506325180995546,59.144804566957454,55.07983538526151,57.18130985104399,60.39378783499968,61.99747284011185
297.0,57.195999859828355,58.956403303525235,54.767592586559594,56.93362380092755,60.19366559801134,61.68891347556241
298.0,56.887739750332294,58.767218494753,54.45760339336574,56.687268459157934,59.99316668709347,61.381731383920275
299.0,56.58173286298841,58.577321684770716,54.150052864052675,56.4423368956234,59.792367399245755,61.07611917167374
300.0,56.27816481999814,58.38678475209371,53.845123722396906,56.19892075244117,59.59134380491488,60.772267561189366
301.0,55.97721868742285,58.19567986997497,53.542996194583964,55.95711019440996,59.39017170597345,60.47036521511385
302.0,55.67907481026497,58.00407946654562,53.243847849003366,55.71699386112499,59.188926594178575,60.17059856321869
303.0,55.38391065067183,57.81205618477746,52.947853439008185,55.4786588207952,58.98768361014518,59.873151631879345
304.0,55.0919006294388,57.619682842301295,52.65518474881,55.2421905257994,58.78651750286829,59.57820587637599
305.0,54.80321597098512,57.427032391115276,52.36601044267728,55.0076727700172,58.585502589827996,59.28594001620089
306.0,54.51802455197142,57.234177877217455,52.08049591760044,54.775187647967755,58.384712717709924,58.99652987355303
307.0,54.23649075372335,57.04119240019662,51.79880315958329,54.54481551578725,58.184221223773314,58.710148215197194
308.0,53.95877531862183,56.848149072815694,51.52109060371629,54.31663495407435,57.9841008978981,58.42696459786064
309.0,53.6850352106155,56.65512098062219,51.247512998182415,54.090722732630404,57.78442394534147,58.147145217336316
310.0,53.41542348000583,56.46218114161963,50.97822127234216,53.86715377711884,57.58526195023352,57.87085276145731
311.0,53.15008913265075,56.269402466034144,50.71336240903889,53.64600113766638,57.38668583984068,57.59824626710228
312.0,52.8891770037275,56.076857716210384,50.45307932126168,53.4273359594262,57.18876584962498,57.32948098138751
313.0,52.632827636189305,55.88461946667044,50.19751073329664,53.211227455120714,56.991571489125626,57.064708227195396
314.0,52.38117716404609,55.69276006436951,49.9467910664934,52.99774287957998,56.795171508689116,56.80407527318513
315.0,52.1343572005928,55.501351589181695,49.70105032976762,52.78694750628887,56.599633867072676,56.54772520842486
316.0,51.892494731703756,55.31046581464928,49.46041401495471,52.57890460595409,56.405025699944794,56.295796821780534
317.0,51.655712014305,55.12017416902801,49.225002997124676,52.37367542709974,56.21141328930561,56.04842448618952
318.0,51.42412648013109,54.93054769666137,48.99493343996205,52.171319178698084,56.0188620338491,55.8057380479426
319.0,51.19785064486604,54.74165701971558,48.77031670630868,51.97189301483933,55.82743642028744,55.56786272109148
320.0,50.97699202276223,54.55357230030752,48.551259273961776,51.77545202144254,55.63719999565719,55.33491898709303
321.0,50.761653046824414,54.366363203056565,48.3378626568128,51.58204920500696,55.448215340625545,55.107022499795015
322.0,50.551930994639655,54.180098858091405,48.13022333140697,51.391735483401014,55.26054404381387,54.88428399586248
323.0,50.347917919927184,53.994847824542184,47.9284326689967,51.20455967868401,55.07424667715477,54.66680921073691
324.0,50.14970058987571,53.81067805454775,47.73257687315616,51.02056851195288,54.88938277229707,54.45469880021397
325.0,49.957360428328826,53.62765685780735,47.54273692301704,50.839806600204696,54.70601079807292,54.2480482677196
326.0,49.77097346487226,53.44585086670541,47.35898852217978,50.662316455202514,54.52418813903891,54.04694789735615
327.0,49.59061028987001,53.26532600203741,47.18140205334761,50.488138484330996,54.343971075102864,53.8514826927854
328.0,49.416336015489236,53.086147439364375,47.01004253872381,50.31731099342497,54.16541476224583,53.661732322006706
329.0,49.24821024274709,52.90837957602264,46.844969606206725,50.14987019155255,53.98857321434859,53.477771068082745
330.0,49.086287034605164,52.73208599881478,46.686237461409064,49.98585019773217,53.813499286129414,53.299667785857764
331.0,48.93061489513073,52.55732945240712,46.533894865522875,49.8252830495604,53.64024465720007,53.12748586470657
332.0,48.78123675473658,52.384171808458284,46.38798511904301,49.66819871372596,53.46885981724453,52.96128319734527
333.0,48.63818996150408,52.21267403550248,46.24854605135686,49.514625098382574,53.29939405232434,52.80111215472764
334.0,48.50150627858723,52.04289616961033,46.11561001619979,49.36458806735167,53.13189543231307,52.647019567044005
335.0,48.37121188768836,51.87489728584951,45.989203892970075,49.21811145612398,52.96641079946109,52.49904671083247
336.0,48.247327398589015,51.70873547056618,45.86934909388975,49.07521708962686,52.80298575809058,52.357229302204836
337.0,48.12986786471238,51.54446779450763,45.75606157699101,48.935924801722564,52.64166466541952,52.221597496182795
338.0,48.01884280468693,51.382150286805626,45.649351864901504,48.80025245640047,52.482490623512255,52.09217589213273
339.0,47.91425622987375,51.22183790983864,45.54922506939457,48.66821597062484,52.32550547235259,51.96898354528013
340.0,47.81610667781313,51.063584534991016,45.4556809216644,48.53982933879763,52.17074978403477,51.85203398427802
341.0,47.724387251539206,50.90744291932514,45.36871380827891,48.41510465879424,52.018262858065846,51.74133523479622
342.0,47.639085664704666,50.75346468318272,45.28831281275715,48.29405215952866,51.86808271777228,51.63688984909154
343.0,47.56018429245058,50.601700288729255,45.21446176271104,48.176680230002205,51.72024610780192,51.53869494151218
344.0,47.487660227950116,50.45219901945603,45.147139282485384,48.0629954497895,51.574788492711825,51.44674222988233
345.0,47.42148534454805,50.30500896065153,45.08631885122308,47.9530026209128,51.4317440566308,51.361018082706345
346.0,47.36162636341177,50.160176980854395,45.031968866277154,47.846704801055296,51.291145703984654,51.281503572125445
347.0,47.30804492660271,50.017748714298236,44.984052711883955,47.74410333806175,51.15302506127096,51.20817453255235
348.0,47.26069767547157,49.877768544357835,44.942528833007,47.64519790567442,51.01741247986885,51.141001624903744
349.0,47.21953633427381,49.740279588005215,44.90735081425412,47.54998654045027,50.88433703986873,51.0799504063431
350.0,47.184507798896476,49.60532368128304,44.87846746376514,47.45846567980465,50.75382655490508,51.02498140544061
351.0,47.155554230581146,49.472941365801546,44.85582290196183,47.370630201125614,50.625907577975106,50.97605020265042
352.0,47.132613154522474,49.343171876264336,44.83935665504575,47.28647346190162,50.50060540822442,50.93310751599915
353.0,47.115617563215686,49.21605312902722,44.82900375312486,47.20598734080493,50.37794409868057,50.89609929187413
354.0,47.10449602442157,49.09162171169325,44.824694832844,47.129162279671554,50.25794646491355,50.864966800793354
355.0,47.099172793611714,48.96991287374591,44.82635624438955,47.05598732631854,50.14063409460204,50.83964673803375
356.0,47.09956793075183,48.85096051822145,44.83391016273337,46.986450178137616,50.02602735798313,50.820071328988725
357.0,47.10559742127628,48.73479719442027,44.84727470297653,46.92053722640468,49.91414541916192,50.806168439120576
358.0,47.11717330110185,48.621454091656204,44.86636403964869,46.85823360124327,49.80500624825737,50.79786168836795
359.0,47.13420378552427,48.51096103404139,44.891088529814354,46.79952321717971,49.698626634359215,50.7950705698635
360.0,47.15659340183701,48.40334647630345,44.921354839833214,46.74438881922772,49.59502219927028,50.79771057281222
361.0,47.18424312550699,48.2986375006306,44.957066075617455,46.69281202943922,49.49420741200794,50.80569330937566
362.0,47.217050519738635,48.196859814539394,44.99812191622533,46.64477339385823,49.3961956040373,50.818926645403444
363.0,47.254909878253166,48.098037749758454,45.04441875062607,46.60025242981457,49.30099898520858,50.837314834848215
364.0,47.29771237110714,48.002194262120966,45.0958498174684,46.5592276734935,49.20862866036996,50.86075865769702
