sample,x,value
0,0.0,47.29771237110714
0,1.0,47.345346193370325
0,2.0,47.39769671648009
0,3.0,47.45464664208674
0,4.0,47.51607615820105
0,5.0,47.58186309745317
0,6.0,47.65188309726974
0,7.0,47.726009761773874
0,8.0,47.80411482521108
0,9.0,47.886068316702506
0,10.0,47.97173872612556
0,11.0,48.060993170921115
0,12.0,48.153697563625386
0,13.0,48.24971677992401
0,14.0,48.34891482702588
0,15.0,48.45115501215358
0,16.0,48.556300110947866
0,17.0,48.66421253558391
0,18.0,48.77475450239744
0,19.0,48.887788198820054
0,20.0,49.00317594942394
0,21.0,49.120780380877434
0,22.0,49.24046458561483
0,23.0,49.36209228402519
0,24.0,49.4855279849672
0,25.0,49.61063714441949
0,26.0,49.73728632207794
0,27.0,49.865343335714755
0,28.0,49.994677413116456
0,29.0,50.12515934142163
0,30.0,50.256661613682276
0,31.0,50.38905857247629
0,32.0,50.52222655040255
0,33.0,50.65604400729375
0,34.0,50.790391663986625
0,35.0,50.925152632493464
0,36.0,51.06021254242319
0,37.0,51.1954596635054
0,38.0,51.33078502407527
0,39.0,51.466082525382625
0,40.0,51.60124905159347
0,41.0,51.73618457535794
0,42.0,51.87079225882383
0,43.0,52.00497854998094
0,44.0,52.13865327422689
0,45.0,52.2717297210515
0,46.0,52.404124725742314
0,47.0,52.53575874602048
0,48.0,52.666555933522545
0,49.0,52.79644420004948
0,50.0,52.925355278511624
0,51.0,53.05322477850412
0,52.0,53.17999223645431
0,53.0,53.30560116028927
0,54.0,53.42999906857852
0,55.0,53.55313752411344
0,56.0,53.67497216189223
0,57.0,53.795462711485754
0,58.0,53.91457301376681
0,59.0,54.032271031992174
0,60.0,54.148528857233636
0,61.0,54.26332270816159
0,62.0,54.37663292519114
0,63.0,54.488443959007924
0,64.0,54.59874435349793
0,65.0,54.70752672311198
0,66.0,54.81478772470293
0,67.0,54.920528023879875
0,68.0,55.02475225593101
0,69.0,55.1274689813728
0,70.0,55.22869063619021
0,71.0,55.32843347683905
0,72.0,55.42671752008799
0,73.0,55.52356647778388
0,74.0,55.6190076866308
0,75.0,55.713072033078674
0,76.0,55.805793873423866
0,77.0,55.897210949229724
0,78.0,55.98736429818085
0,79.0,56.07629816049058
0,80.0,56.164059880986414
0,81.0,56.250699807003606
0,82.0,56.33627118222226
0,83.0,56.42083003658807
0,84.0,56.50443507246196
0,85.0,56.58714754714805
0,86.0,56.66903115195449
0,87.0,56.75015188794521
0,88.0,56.830577938545225
0,89.0,56.910379539165866
0,90.0,56.989628844019876
0,91.0,57.06839979029979
0,92.0,57.14676795989645
0,93.0,57.22481043883729
0,94.0,57.302605674626896
0,95.0,57.3802333316752
0,96.0,57.45777414500054
0,97.0,57.53530977239747
0,98.0,57.61292264526067
0,99.0,57.690695818258384
0,100.0,57.76871281804992
0,101.0,57.84705749124311
0,102.0,57.92581385178859
0,103.0,58.005065928008385
0,104.0,58.0848976094571
0,105.0,58.16539249381349
0,106.0,58.24663373400138
0,107.0,58.32870388573734
0,108.0,58.41168475570317
0,109.0,58.49565725053983
0,110.0,58.58070122685873
0,111.0,58.666895342465125
0,112.0,58.75431690898695
0,113.0,58.843041746100496
0,114.0,58.933144037542895
0,115.0,59.02469618909883
0,116.0,59.11776868874662
0,117.0,59.212429969146484
0,118.0,59.30874627265072
0,119.0,59.40678151901255
0,120.0,59.50659717596721
0,121.0,59.60825213285538
0,122.0,59.71180257745548
0,123.0,59.81730187618717
0,124.0,59.92480045784485
0,125.0,60.034345701015184
0,126.0,60.14598182532849
0,127.0,60.2597497866894
0,128.0,60.375687176626705
0,129.0,60.49382812589836
0,130.0,60.61420321248127
0,131.0,60.73683937407142
0,132.0,60.86175982521332
0,133.0,60.988983979172936
0,134.0,61.11852737466228
0,135.0,61.250401607517624
0,136.0,61.384614267428034
0,137.0,61.52116887980384
0,138.0,61.66006485286956
0,139.0,61.801297430058185
0,140.0,61.94485764777853
0,141.0,62.09073229861978
0,142.0,62.23890390005166
0,143.0,62.38935066867113
0,144.0,62.5420465000405
0,145.0,62.696960954154584
0,146.0,62.85405924656781
0,147.0,63.01330224520536
0,148.0,63.174646472875395
0,149.0,63.338044115492586
0,150.0,63.503443036016066
0,151.0,63.670786794098035
0,152.0,63.84001467143237
0,153.0,64.01106170278514
0,154.0,64.18385871268308
0,155.0,64.35833235772763
0,156.0,64.53440517449661
0,157.0,64.71199563298795
0,158.0,64.89101819555354
0,159.0,65.07138338126433
0,160.0,65.25299783564087
0,161.0,65.43576440567772
0,162.0,65.61958222008273
0,163.0,65.8043467746461
0,164.0,65.9899500226483
0,165.0,66.17628047020871
0,166.0,66.36322327647187
0,167.0,66.5506603585212
0,168.0,66.73847050090498
0,169.0,66.92652946965333
0,170.0,67.11471013065915
0,171.0,67.30288257229118
0,172.0,67.49091423210116
0,173.0,67.67867002748311
0,174.0,67.86601249013653
0,175.0,68.05280190418154
0,176.0,68.23889644776892
0,177.0,68.42415233802379
0,178.0,68.60842397915721
0,179.0,68.79156411357631
0,180.0,68.97342397581932
0,181.0,69.15385344913871
0,182.0,69.33270122455181
0,183.0,69.50981496217548
0,184.0,69.68504145465798
0,185.0,69.85822679251876
0,186.0,70.02921653120458
0,187.0,70.19785585966707
0,188.0,70.36398977026623
0,189.0,70.52746322980106
0,190.0,70.68812135146813
0,191.0,70.84580956754648
0,192.0,71.0003738026071
0,193.0,71.15166064704333
0,194.0,71.29951753071887
0,195.0,71.44379289652895
0,196.0,71.5843363736701
0,197.0,71.72099895041472
0,198.0,71.85363314618597
0,199.0,71.9820931827298
0,200.0,72.10623515418158
0,201.0,72.22591719582546
0,202.0,72.34099965134637
0,203.0,72.45134523837595
0,204.0,72.55681921213507
0,205.0,72.65728952697839
0,206.0,72.75262699564763
0,207.0,72.84270544604361
0,208.0,72.9274018753292
0,209.0,73.00659660117842
0,210.0,73.08017340999017
0,211.0,73.14801970188822
0,212.0,73.21002663233253
0,213.0,73.26608925017145
0,214.0,73.31610663196717
0,215.0,73.359982012432
0,216.0,73.39762291081686
0,217.0,73.42894125309824
0,218.0,73.45385348981395
0,219.0,73.4722807094041
0,220.0,73.48414874691765
0,221.0,73.48938828795063
0,222.0,73.48793496768783
0,223.0,73.47972946492467
0,224.0,73.46471759095245
0,225.0,73.44285037319506
0,226.0,73.4140841334925
0,227.0,73.3783805609314
0,228.0,73.33570677912984
0,229.0,73.28603540788976
0,230.0,73.22934461913687
0,231.0,73.16561818707437
0,232.0,73.09484553248345
0,233.0,73.01702176111053
0,234.0,72.93214769608775
0,235.0,72.84022990433999
0,236.0,72.74128071693892
0,237.0,72.63531824337151
0,238.0,72.52236637969735
0,239.0,72.40245481057572
0,240.0,72.27561900515188
0,241.0,72.14190020679717
0,242.0,72.00134541670626
0,243.0,71.85400737136085
0,244.0,71.69994451387738
0,245.0,71.539220959262
0,246.0,71.37190645360407
0,247.0,71.1980763272465
0,248.0,71.01781144197739
0,249.0,70.83119813229548
0,250.0,70.63832814080747
0,251.0,70.4392985478237
0,252.0,70.23421169522351
0,253.0,70.02317510467014
0,254.0,69.80630139025986
0,255.0,69.58370816569807
0,256.0,69.35551794609981
0,257.0,69.12185804451991
0,258.0,68.88286046332317
0,259.0,68.63866178051083
0,260.0,68.38940303112669
0,261.0,68.13522958386982
0,262.0,67.87629101304876
0,263.0,67.61274096601568
0,264.0,67.34473702622493
0,265.0,67.07244057206559
0,266.0,66.79601663162224
0,267.0,66.5156337335232
0,268.0,66.23146375403947
0,269.0,65.9436817606026
0,270.0,65.65246585191349
0,271.0,65.35799699481821
0,272.0,65.06045885813027
0,273.0,64.76003764358327
0,274.0,64.45692191409977
0,275.0,64.15130241956668
0,276.0,63.843371920309615
0,277.0,63.53332500846119
0,278.0,63.22135792742124
0,279.0,62.907668389608595
0,280.0,62.59245539270641
0,281.0,62.275919034604414
0,282.0,61.9582603272431
0,283.0,61.63968100956625
0,284.0,61.320383359789
0,285.0,61.00057000718935
0,286.0,60.680443743631955
0,287.0,60.360207335032534
0,288.0,60.04006333297235
0,289.0,59.72021388667086
0,290.0,59.40086055552515
0,291.0,59.08220412242317
0,292.0,58.76444440803779
0,293.0,58.44778008630658
0,294.0,58.1324085013017
0,295.0,57.81852548569162
0,296.0,57.506325180995546
0,297.0,57.195999859828355
0,298.0,56.887739750332294
0,299.0,56.58173286298841
0,300.0,56.27816481999814
0,301.0,55.97721868742285
0,302.0,55.67907481026497
0,303.0,55.38391065067183
0,304.0,55.0919006294388
0,305.0,54.80321597098512
0,306.0,54.51802455197142
0,307.0,54.23649075372335
0,308.0,53.95877531862183
0,309.0,53.6850352106155
0,310.0,53.41542348000583
0,311.0,53.15008913265075
0,312.0,52.8891770037275
0,313.0,52.632827636189305
0,314.0,52.38117716404609
0,315.0,52.1343572005928
0,316.0,51.892494731703756
0,317.0,51.655712014305
0,318.0,51.42412648013109
0,319.0,51.19785064486604
0,320.0,50.97699202276223
0,321.0,50.761653046824414
0,322.0,50.551930994639655
0,323.0,50.347917919927184
0,324.0,50.14970058987571
0,325.0,49.957360428328826
0,326.0,49.77097346487226
0,327.0,49.59061028987001
0,328.0,49.416336015489236
0,329.0,49.24821024274709
0,330.0,49.086287034605164
0,331.0,48.93061489513073
0,332.0,48.78123675473658
0,333.0,48.63818996150408
0,334.0,48.50150627858723
0,335.0,48.37121188768836
0,336.0,48.247327398589015
0,337.0,48.12986786471238
0,338.0,48.01884280468693
0,339.0,47.91425622987375
0,340.0,47.81610667781313
0,341.0,47.724387251539206
0,342.0,47.639085664704666
0,343.0,47.56018429245058
0,344.0,47.487660227950116
0,345.0,47.42148534454805
0,346.0,47.36162636341177
0,347.0,47.30804492660271
0,348.0,47.26069767547157
0,349.0,47.21953633427381
0,350.0,47.184507798896476
0,351.0,47.155554230581146
0,352.0,47.132613154522474
0,353.0,47.115617563215686
0,354.0,47.10449602442157
0,355.0,47.099172793611714
0,356.0,47.09956793075183
0,357.0,47.10559742127628
0,358.0,47.11717330110185
0,359.0,47.13420378552427
0,360.0,47.15659340183701
0,361.0,47.18424312550699
0,362.0,47.217050519738635
0,363.0,47.254909878253166
0,364.0,47.29771237110714
1,0.0,48.002194262120966
1,1.0,47.90935093245726
1,2.0,47.819527968478084
1,3.0,47.73274420763813
1,4.0,47.64901712096826
1,5.0,47.568362817864255
1,6.0,47.49079605181841
1,7.0,47.416330227080046
1,8.0,47.344977406229646
1,9.0,47.27674831865044
1,10.0,47.21165236988084
1,11.0,47.14969765182967
1,12.0,47.090890953835846
1,13.0,47.035237774553046
1,14.0,46.98274233463934
1,15.0,46.93340759023084
1,16.0,46.887235247177806
1,17.0,46.844225776021055
1,18.0,46.804378427685684
1,19.0,46.76769124986844
1,20.0,46.734161104094895
1,21.0,46.7037836834214
1,22.0,46.67655353075672
1,23.0,46.65246405777756
1,24.0,46.63150756441174
1,25.0,46.613675258862415
1,26.0,46.59895727814594
1,27.0,46.587342709116406
1,28.0,46.578819609948525
1,29.0,46.573375032051146
1,30.0,46.570995042382656
1,31.0,46.57166474613991
1,32.0,46.57536830979163
1,33.0,46.582088984427365
1,34.0,46.59180912939283
1,35.0,46.60451023618232
1,36.0,46.620172952558896
1,37.0,46.63877710687301
1,38.0,46.660301732550195
1,39.0,46.684725092718516
1,40.0,46.712024704946415
1,41.0,46.7421773660621
1,42.0,46.775159177025174
1,43.0,46.81094556782191
1,44.0,46.849511322355454
1,45.0,46.89083060330264
1,46.0,46.9348769769094
1,47.0,46.98162343769692
1,48.0,47.0310424330511
1,49.0,47.083105887668424
1,50.0,47.13778522783147
1,51.0,47.195051405487916
1,52.0,47.254874922107284
1,53.0,47.317225852290285
1,54.0,47.38207386710598
1,55.0,47.44938825713265
1,56.0,47.51913795517879
1,57.0,47.59129155866141
1,58.0,47.66581735161912
1,59.0,47.742683326338536
1,60.0,47.82185720457304
1,61.0,47.903306458333546
1,62.0,47.986998330231785
1,63.0,48.07289985335752
1,64.0,48.16097787067145
1,65.0,48.25119905389683
1,66.0,48.34352992189334
1,67.0,48.43793685849766
1,68.0,48.53438612981611
1,69.0,48.63284390095556
1,70.0,48.73327625217949
1,71.0,48.83564919447743
1,72.0,48.939928684536284
1,73.0,49.04608063910369
1,74.0,49.15407094873377
1,75.0,49.26386549090706
1,76.0,49.37543014251723
1,77.0,49.48873079171794
1,78.0,49.603733349124504
1,79.0,49.72040375836555
1,80.0,49.83870800598137
1,81.0,49.95861213066599
1,82.0,50.08008223185146
1,83.0,50.20308447763362
1,84.0,50.32758511203945
1,85.0,50.45355046163748
1,86.0,50.580946941492876
1,87.0,50.70974106047096
1,88.0,50.83989942589261
1,89.0,50.97138874754677
1,90.0,51.10417584106602
1,91.0,51.238227630671666
1,92.0,51.373511151296555
1,93.0,51.509993550093625
1,94.0,51.647642087340074
1,95.0,51.7864241367473
1,96.0,51.9263071851878
1,97.0,52.06725883185098
1,98.0,52.20924678684072
1,99.0,52.35223886922835
1,100.0,52.49620300457521
1,101.0,52.64110722194011
1,102.0,52.786919650387524
1,103.0,52.933608515012864
1,104.0,53.08114213250229
1,105.0,53.22948890624494
1,106.0,53.37861732101591
1,107.0,53.528495937249424
1,108.0,53.67909338492162
1,109.0,53.83037835706342
1,110.0,53.98231960292429
1,111.0,54.134885920807996
1,112.0,54.288046150602355
1,113.0,54.441769166025104
1,114.0,54.596023866608405
1,115.0,54.75077916944519
1,116.0,54.90600400072035
1,117.0,55.061667287050945
1,118.0,55.21773794665868
1,119.0,55.37418488039956
1,120.0,55.530976962674444
1,121.0,55.688083032245714
1,122.0,55.84547188298418
1,123.0,56.003112254571604
1,124.0,56.160972823183435
1,125.0,56.3190221921768
1,126.0,56.4772288828089
1,127.0,56.63556132501058
1,128.0,56.7939878482401
1,129.0,56.95247667244197
1,130.0,57.1109958991354
1,131.0,57.269513502657276
1,132.0,57.42799732158349
1,133.0,57.58641505035334
1,134.0,57.744734231120546
1,135.0,57.90292224585455
1,136.0,58.060946308715536
1,137.0,58.21877345872587
1,138.0,58.376370552760775
1,139.0,58.533704258880185
1,140.0,58.69074105002359
1,141.0,58.84744719808908
1,142.0,59.003788768417266
1,143.0,59.159731614700334
1,144.0,59.315241374335855
1,145.0,59.47028346424431
1,146.0,59.6248230771689
1,147.0,59.77882517847536
1,148.0,59.93225450346884
1,149.0,60.08507555524448
1,150.0,60.237252603087114
1,151.0,60.38874968143545
1,152.0,60.539530589424544
1,153.0,60.689558891020496
1,154.0,60.8387979157595
1,155.0,60.98721076010354
1,156.0,61.13476028942349
1,157.0,61.28140914061973
1,158.0,61.42711972538983
1,159.0,61.57185423415133
1,160.0,61.71557464062748
1,161.0,61.858242707102136
1,162.0,61.99981999035003
1,163.0,62.14026784824656
1,164.0,62.27954744706131
1,165.0,62.417619769438026
1,166.0,62.554445623062925
1,167.0,62.68998565002232
1,168.0,62.82420033684956
1,169.0,62.95705002526016
1,170.0,63.08849492357337
1,171.0,63.218495118817074
1,172.0,63.347010589512166
1,173.0,63.4740012191316
1,174.0,63.599426810228195
1,175.0,63.723247099224366
1,176.0,63.845421771856174
1,177.0,63.96591047926275
1,178.0,64.08467285471176
1,179.0,64.20166853094989
1,180.0,64.31685715816735
1,181.0,64.43019842256358
1,182.0,64.54165206550078
1,183.0,64.6511779032316
1,184.0,64.75873584718511
1,185.0,64.8642859247959
1,186.0,64.96778830085869
1,187.0,65.06920329939166
1,188.0,65.16849142598944
1,189.0,65.26561339064683
1,190.0,65.3605301310333
1,191.0,65.45320283619735
1,192.0,65.5435929706796
1,193.0,65.63166229901208
1,194.0,65.71737291058129
1,195.0,65.80068724483134
1,196.0,65.88156811678301
1,197.0,65.95997874284446
1,198.0,66.03588276688775
1,199.0,66.10924428656597
1,200.0,66.18002787984423
1,201.0,66.24819863171804
1,202.0,66.31372216109165
1,203.0,66.37656464778884
1,204.0,66.43669285966821
1,205.0,66.49407417981416
1,206.0,66.54867663377541
1,207.0,66.60046891682181
1,208.0,66.64942042118997
1,209.0,66.69550126328876
1,210.0,66.73868231083452
1,211.0,66.77893520988634
1,212.0,66.81623241175173
1,213.0,66.85054719973219
1,214.0,66.88185371567904
1,215.0,66.9101269863293
1,216.0,66.93534294939133
1,217.0,66.95747847935067
1,218.0,66.9765114129659
1,219.0,66.99242057442483
1,220.0,67.00518580013126
1,221.0,67.01478796309326
1,222.0,67.02120899688343
1,223.0,67.02443191914247
1,224.0,67.02444085459736
1,225.0,67.02122105756584
1,226.0,67.01475893391954
1,227.0,67.00504206247804
1,228.0,66.9920592158067
1,229.0,66.97580038039236
1,230.0,66.95625677616972
1,231.0,66.93342087537415
1,232.0,66.90728642069485
1,233.0,66.87784844270465
1,234.0,66.8451032765426
1,235.0,66.80904857782602
1,236.0,66.76968333776986
1,237.0,66.72700789749166
1,238.0,66.68102396148078
1,239.0,66.63173461021252
1,240.0,66.57914431188685
1,241.0,66.52325893327362
1,242.0,66.4640857496466
1,243.0,66.40163345378916
1,244.0,66.33591216405578
1,245.0,66.26693343147438
1,246.0,66.19471024587494
1,247.0,66.11925704103163
1,248.0,66.04058969880586
1,249.0,65.95872555227906
1,250.0,65.87368338786496
1,251.0,65.78548344639181
1,252.0,65.69414742314667
1,253.0,65.59969846687407
1,254.0,65.5021611777232
1,255.0,65.40156160413817
1,256.0,65.29792723868752
1,257.0,65.19128701282976
1,258.0,65.0816712906128
1,259.0,64.96911186130703
1,260.0,64.85364193097135
1,261.0,64.73529611295432
1,262.0,64.61411041733191
1,263.0,64.49012223928617
1,264.0,64.3633703464286
1,265.0,64.23389486507432
1,266.0,64.10173726547347
1,267.0,63.96694034600772
1,268.0,63.82954821636056
1,269.0,63.689606279671416
1,270.0,63.54716121368449
1,271.0,63.402260950904044
1,272.0,63.25495465776953
1,273.0,63.10529271286415
1,274.0,62.953326684172154
1,275.0,62.79910930540074
1,276.0,62.64269445138348
1,277.0,62.484137112583326
1,278.0,62.323493368713855
1,279.0,62.160820361498736
1,280.0,61.99617626658995
1,281.0,61.82962026466627
1,282.0,61.66121251173457
1,283.0,61.49101410865702
1,284.0,61.3190870699283
1,285.0,61.14549429172756
1,286.0,60.970299519270895
1,287.0,60.79356731349028
1,288.0,60.61536301706636
1,289.0,60.435752719842576
1,290.0,60.25480322364892
1,291.0,60.072582006564225
1,292.0,59.889157186646806
1,293.0,59.70459748516304
1,294.0,59.518972189344964
1,295.0,59.33235111470753
1,296.0,59.144804566957454
1,297.0,58.956403303525235
1,298.0,58.767218494753
1,299.0,58.577321684770716
1,300.0,58.38678475209371
1,301.0,58.19567986997497
1,302.0,58.00407946654562
1,303.0,57.81205618477746
1,304.0,57.619682842301295
1,305.0,57.427032391115276
1,306.0,57.234177877217455
1,307.0,57.04119240019662
1,308.0,56.848149072815694
1,309.0,56.65512098062219
1,310.0,56.46218114161963
1,311.0,56.269402466034144
1,312.0,56.076857716210384
1,313.0,55.88461946667044
1,314.0,55.69276006436951
1,315.0,55.501351589181695
1,316.0,55.31046581464928
1,317.0,55.12017416902801
1,318.0,54.93054769666137
1,319.0,54.74165701971558
1,320.0,54.55357230030752
1,321.0,54.366363203056565
1,322.0,54.180098858091405
1,323.0,53.994847824542184
1,324.0,53.81067805454775
1,325.0,53.62765685780735
1,326.0,53.44585086670541
1,327.0,53.26532600203741
1,328.0,53.086147439364375
1,329.0,52.90837957602264
1,330.0,52.73208599881478
1,331.0,52.55732945240712
1,332.0,52.384171808458284
1,333.0,52.21267403550248
1,334.0,52.04289616961033
1,335.0,51.87489728584951
1,336.0,51.70873547056618
1,337.0,51.54446779450763
1,338.0,51.382150286805626
1,339.0,51.22183790983864
1,340.0,51.063584534991016
1,341.0,50.90744291932514
1,342.0,50.75346468318272
1,343.0,50.601700288729255
1,344.0,50.45219901945603
1,345.0,50.30500896065153
1,346.0,50.160176980854395
1,347.0,50.017748714298236
1,348.0,49.877768544357835
1,349.0,49.740279588005215
1,350.0,49.60532368128304
1,351.0,49.472941365801546
1,352.0,49.343171876264336
1,353.0,49.21605312902722
1,354.0,49.09162171169325
1,355.0,48.96991287374591
1,356.0,48.85096051822145
1,357.0,48.73479719442027
1,358.0,48.621454091656204
1,359.0,48.51096103404139
1,360.0,48.40334647630345
1,361.0,48.2986375006306
1,362.0,48.196859814539394
1,363.0,48.098037749758454
1,364.0,48.002194262120966
2,0.0,45.0958498174684
2,1.0,45.152305347680894
2,2.0,45.21367270972994
2,3.0,45.279836557357655
2,4.0,45.35067897961984
2,5.0,45.426079653041384
2,6.0,45.505915995704186
2,7.0,45.590063323081054
2,8.0,45.6783950054267
2,9.0,45.77078262653571
2,10.0,45.867096143676164
2,11.0,45.96720404850586
2,12.0,46.070973528778
2,13.0,46.17827063064189
2,14.0,46.288960421344164
2,15.0,46.402907152135604
2,16.0,46.51997442118899
2,17.0,46.64002533633324
2,18.0,46.76292267741006
2,19.0,46.888529058059746
2,20.0,47.0167070867438
2,21.0,47.14731952681351
2,22.0,47.28022945543453
2,23.0,47.41530042117962
2,24.0,47.5523966001034
2,25.0,47.69138295011497
2,26.0,47.8321253634668
2,27.0,47.9744908171805
2,28.0,48.11834752123322
2,29.0,48.26356506433096
2,30.0,48.41001455709858
2,31.0,48.55756877251943
2,32.0,48.70610228346119
2,33.0,48.85549159712815
2,34.0,49.00561528628438
2,35.0,49.156354117095866
2,36.0,49.30759117344458
2,37.0,49.45921197757138
2,38.0,49.6111046069097
2,39.0,49.76315980697662
2,40.0,49.91527110019278
2,41.0,50.067334890507965
2,42.0,50.219250563714176
2,43.0,50.370920583333685
2,44.0,50.522250581974774
2,45.0,50.67314944805388
2,46.0,50.82352940778843
2,47.0,50.97330610237041
2,48.0,51.122398660237096
2,49.0,51.270729764361086
2,50.0,51.418225714488244
2,51.0,51.56481648425809
2,52.0,51.71043577314797
2,53.0,51.85502105318828
2,54.0,51.998513610402775
2,55.0,52.140858580934484
2,56.0,52.282004981824215
2,57.0,52.421905736415205
2,58.0,52.56051769436426
2,59.0,52.697801646246425
2,60.0,52.83372233274638
2,61.0,52.96824844843718
2,62.0,53.101352640152975
2,63.0,53.23301149996941
2,64.0,53.36320555281172
2,65.0,53.49191923871747
2,66.0,53.6191408897871
2,67.0,53.74486270186221
2,68.0,53.869080700978095
2,69.0,53.991794704642835
2,70.0,54.113008278002546
2,71.0,54.232728684957785
2,72.0,54.35096683430282
2,73.0,54.46773722096542
2,74.0,54.583057862430785
2,75.0,54.69695023043917
2,76.0,54.8094391780526
2,77.0,54.92055286219166
2,78.0,55.030322661748954
2,79.0,55.1387830913912
2,80.0,55.24597171116721
2,81.0,55.35192903204424
2,82.0,55.45669841749998
2,83.0,55.560325981302434
2,84.0,55.66286048161463
2,85.0,55.76435321156548
2,86.0,55.86485788643238
2,87.0,55.96443052758571
2,88.0,56.06312934334869
2,89.0,56.161014606930415
2,90.0,56.258148531593086
2,91.0,56.3545951432182
2,92.0,56.45042015043918
2,93.0,56.54569081251142
2,94.0,56.64047580509301
2,95.0,56.73484508411248
2,96.0,56.828869747901635
2,97.0,56.9226218977743
2,98.0,57.01617449723333
2,99.0,57.10960122998998
2,100.0,57.20297635698114
2,101.0,57.29637457257165
2,102.0,57.389870860129
2,103.0,57.48354034715947
2,104.0,57.57745816019469
2,105.0,57.67169927961817
2,106.0,57.7663383946213
2,107.0,57.86144975847844
2,108.0,57.95710704432996
2,109.0,58.05338320166189
2,110.0,58.150350313669634
2,111.0,58.24807945569258
2,112.0,58.34664055490459
2,113.0,58.44610225144434
2,114.0,58.54653176116759
2,115.0,58.64799474020132
2,116.0,58.75055515147766
2,117.0,58.854275133423286
2,118.0,58.95921487097692
2,119.0,59.065432469105296
2,120.0,59.172983828984336
2,121.0,59.281922527009684
2,122.0,59.3922996967966
2,123.0,59.50416391432642
2,124.0,59.617561086392115
2,125.0,59.73253434249208
2,126.0,59.849123930316985
2,127.0,59.96736711496967
2,128.0,60.087298082054566
2,129.0,60.20894784476705
2,130.0,60.33234415510963
2,131.0,60.45751141935571
2,132.0,60.58447061787742
2,133.0,60.713239229447986
2,134.0,60.843831160124054
2,135.0,60.97625667680778
2,136.0,61.11052234558261
2,137.0,61.246630974910914
2,138.0,61.384581563776045
2,139.0,61.52436925484466
2,140.0,61.665985292719824
2,141.0,61.809416987348534
2,142.0,61.954647682641415
2,143.0,62.10165673035581
2,144.0,62.250419469287074
2,145.0,62.400907209806476
2,146.0,62.55308722377731
2,147.0,62.70692273987468
2,148.0,62.86237294432732
2,149.0,63.01939298709358
2,150.0,63.1779339934767
2,151.0,63.33794308117821
2,152.0,63.499363382781134
2,153.0,63.66213407364862
2,154.0,63.82619040521612
2,155.0,63.991463743649874
2,156.0,64.15788161383631
2,157.0,64.3253677486617
2,158.0,64.49384214353427
2,159.0,64.66322111609453
2,160.0,64.83341737105349
2,161.0,65.00434007009153
2,162.0,65.17589490674543
2,163.0,65.34798418620323
2,164.0,65.52050690992287
2,165.0,65.69335886498195
2,166.0,65.86643271806227
2,167.0,66.03961811396576
2,168.0,66.21280177855314
2,169.0,66.38586762599145
2,170.0,66.55869687019035
2,171.0,66.73116814030308
2,172.0,66.90315760016175
2,173.0,67.07453907151216
2,174.0,67.24518416090879
2,175.0,67.41496239012542
2,176.0,67.58374132993305
2,177.0,67.75138673709178
2,178.0,67.9177626943999
2,179.0,68.08273175363908
2,180.0,68.24615508125115
2,181.0,68.40789260657785
2,182.0,68.56780317249256
2,183.0,68.72574468824904
2,184.0,68.88157428436959
2,185.0,69.03514846939247
2,186.0,69.18632328829581
2,187.0,69.33495448241277
2,188.0,69.48089765065116
2,189.0,69.62400841182831
2,190.0,69.76414256793068
2,191.0,69.90115626810646
2,192.0,70.03490617319785
2,193.0,70.16524962061905
2,194.0,70.29204478938534
2,195.0,70.41515086509797
2,196.0,70.53442820468948
2,197.0,70.64973850073402
2,198.0,70.76094494512745
2,199.0,70.86791239194268
2,200.0,70.97050751926588
2,201.0,71.06859898982084
2,202.0,71.16205761018935
2,203.0,71.25075648843702
2,204.0,71.33457118995562
2,205.0,71.41337989133501
2,206.0,71.48706353207945
2,207.0,71.55550596398537
2,208.0,71.61859409800098
2,209.0,71.67621804838942
2,210.0,71.72827127402128
2,211.0,71.77465071662505
2,212.0,71.81525693582729
2,213.0,71.84999424081771
2,214.0,71.87877081847884
2,215.0,71.90149885782304
2,216.0,71.918094670584
2,217.0,71.92847880781461
2,218.0,71.93257617234708
2,219.0,71.93031612697565
2,220.0,71.92163259822809
2,221.0,71.90646417559581
2,222.0,71.88475420609862
2,223.0,71.85645088406496
2,224.0,71.82150733601395
2,225.0,71.77988170053129
2,226.0,71.73153720303651
2,227.0,71.67644222534521
2,228.0,71.61457036993572
2,229.0,71.54590051883552
2,230.0,71.47041688704918
2,231.0,71.38810907045587
2,232.0,71.29897208811026
2,233.0,71.20300641888807
2,234.0,71.10021803242292
2,235.0,70.9906184142886
2,236.0,70.87422458538691
2,237.0,70.75105911550813
2,238.0,70.62115013103812
2,239.0,70.48453131679216
2,240.0,70.34124191196304
2,241.0,70.1913267001776
2,242.0,70.0348359936623
2,243.0,69.87182561152564
2,244.0,69.70235685217207
2,245.0,69.52649645986847
2,246.0,69.34431658549114
2,247.0,69.15589474148845
2,248.0,68.96131375110038
2,249.0,68.76066169188286
2,250.0,68.55403183359219
2,251.0,68.34152257049028
2,252.0,68.12323734813862
2,253.0,67.89928458475515
2,254.0,67.6697775872146
2,255.0,67.4348344617783
2,256.0,67.19457801964705
2,257.0,66.94913567743531
2,258.0,66.69863935267128
2,259.0,66.44322535443378
2,260.0,66.1830342692415
2,261.0,65.91821084231644
2,262.0,65.6489038543486
2,263.0,65.37526599389375
2,264.0,65.09745372554204
2,265.0,64.81562715399916
2,266.0,64.52994988422716
2,267.0,64.24058887779653
2,268.0,63.94771430560524
2,269.0,63.651499397124944
2,270.0,63.352120286338504
2,271.0,63.04975585453685
2,272.0,62.74458757014674
2,273.0,62.43679932576459
2,274.0,62.12657727257464
2,275.0,61.81410965233281
2,276.0,61.4995866271006
2,277.0,61.183200106915606
2,278.0,60.86514357558797
2,279.0,60.5456119148141
2,280.0,60.224801226801034
2,281.0,59.90290865559639
2,282.0,59.58013220732042
2,283.0,59.25667056949807
2,284.0,58.93272292968984
2,285.0,58.60848879362093
2,286.0,58.28416780300919
2,287.0,57.95995955329193
2,288.0,57.63606341145283
2,289.0,57.31267833414884
2,290.0,56.99000268633786
2,291.0,56.66823406060593
2,292.0,56.34756909739354
2,293.0,56.028203306318
2,294.0,55.710330888788626
2,295.0,55.394144562109254
2,296.0,55.07983538526151
2,297.0,54.767592586559594
2,298.0,54.45760339336574
2,299.0,54.150052864052675
2,300.0,53.845123722396906
2,301.0,53.542996194583964
2,302.0,53.243847849003366
2,303.0,52.947853439008185
2,304.0,52.65518474881
2,305.0,52.36601044267728
2,306.0,52.08049591760044
2,307.0,51.79880315958329
2,308.0,51.52109060371629
2,309.0,51.247512998182415
2,310.0,50.97822127234216
2,311.0,50.71336240903889
2,312.0,50.45307932126168
2,313.0,50.19751073329664
2,314.0,49.9467910664934
2,315.0,49.70105032976762
2,316.0,49.46041401495471
2,317.0,49.225002997124676
2,318.0,48.99493343996205
2,319.0,48.77031670630868
2,320.0,48.551259273961776
2,321.0,48.3378626568128
2,322.0,48.13022333140697
2,323.0,47.9284326689967
2,324.0,47.73257687315616
2,325.0,47.54273692301704
2,326.0,47.35898852217978
2,327.0,47.18140205334761
2,328.0,47.01004253872381
2,329.0,46.844969606206725
2,330.0,46.686237461409064
2,331.0,46.533894865522875
2,332.0,46.38798511904301
2,333.0,46.24854605135686
2,334.0,46.11561001619979
2,335.0,45.989203892970075
2,336.0,45.86934909388975
2,337.0,45.75606157699101
2,338.0,45.649351864901504
2,339.0,45.54922506939457
2,340.0,45.4556809216644
2,341.0,45.36871380827891
2,342.0,45.28831281275715
2,343.0,45.21446176271104
2,344.0,45.147139282485384
2,345.0,45.08631885122308
2,346.0,45.031968866277154
2,347.0,44.984052711883955
2,348.0,44.942528833007
2,349.0,44.90735081425412
2,350.0,44.87846746376514
2,351.0,44.85582290196183
2,352.0,44.83935665504575
2,353.0,44.82900375312486
2,354.0,44.824694832844
2,355.0,44.82635624438955
2,356.0,44.83391016273337
2,357.0,44.84727470297653
2,358.0,44.86636403964869
2,359.0,44.891088529814354
2,360.0,44.921354839833214
2,361.0,44.957066075617455
2,362.0,44.99812191622533
2,363.0,45.04441875062607
2,364.0,45.0958498174684
3,0.0,46.5592276734935
3,1.0,46.52167672771814
3,2.0,46.487576309880644
3,3.0,46.45690229995909
3,4.0,46.429629788556525
3,5.0,46.40573312489941
3,6.0,46.38518596473253
3,7.0,46.36796131804844
3,8.0,46.354031596589415
3,9.0,46.34336866106096
3,10.0,46.33594386799617
3,11.0,46.33172811621119
3,12.0,46.33069189279278
3,13.0,46.33280531855977
3,14.0,46.338038192941085
3,15.0,46.34636003821428
3,16.0,46.3577401430492
3,17.0,46.37214760530294
3,18.0,46.389551374013024
3,19.0,46.4099202905374
3,20.0,46.43322312879094
3,21.0,46.4594286345295
3,22.0,46.488505563634234
3,23.0,46.5204227193501
3,24.0,46.55514898843429
3,25.0,46.59265337617174
3,26.0,46.632905040216585
3,27.0,46.6758733232203
3,28.0,46.72152778420862
3,29.0,46.7698382286717
3,30.0,46.82077473733315
3,31.0,46.87430769356617
3,32.0,46.930407809426214
3,33.0,46.98904615027223
3,34.0,47.05019415794999
3,35.0,47.11382367251332
3,36.0,47.17990695246105
3,37.0,47.248416693469466
3,38.0,47.31932604560223
3,39.0,47.3926086289819
3,40.0,47.46823854790903
3,41.0,47.54619040341757
3,42.0,47.62643930425657
3,43.0,47.70896087629123
3,44.0,47.79373127031801
3,45.0,47.880727168290655
3,46.0,47.96992578795665
3,47.0,48.06130488590519
3,48.0,48.15484275903032
3,49.0,48.250518244415034
3,50.0,48.34831071764406
3,51.0,48.44820008955553
3,52.0,48.55016680144351
3,53.0,48.654191818725856
3,54.0,48.76025662309365
3,55.0,48.86834320316069
3,56.0,48.978434043633605
3,57.0,49.09051211302497
3,58.0,49.20456084993424
3,59.0,49.32056414792256
3,60.0,49.43850633901024
3,61.0,49.55837217582708
3,62.0,49.68014681244752
3,63.0,49.80381578394492
3,64.0,49.92936498470036
3,65.0,50.05678064550365
3,66.0,50.1860493094855
3,67.0,50.31715780692178
3,68.0,50.45009322895199
3,69.0,50.58484290025582
3,70.0,50.721394350733284
3,71.0,50.859735286234674
3,72.0,50.99985355838897
3,73.0,51.141737133579376
3,74.0,51.28537406111706
3,75.0,51.430752440664385
3,76.0,51.57786038896064
3,77.0,51.72668600590398
3,78.0,51.87721734004429
3,79.0,52.02944235354271
3,80.0,52.18334888665411
3,81.0,52.33892462178982
3,82.0,52.496157047218446
3,83.0,52.65503342046319
3,84.0,52.815540731454675
3,85.0,52.97766566549858
3,86.0,53.14139456611807
3,87.0,53.30671339783099
3,88.0,53.47360770892202
3,89.0,53.64206259427041
3,90.0,53.81206265829379
3,91.0,53.9835919780683
3,92.0,54.156634066685825
3,93.0,54.331171836908275
3,94.0,54.50718756517904
3,95.0,54.68466285605126
3,96.0,54.863578607092215
3,97.0,55.04391497432265
3,98.0,55.22565133824924
3,99.0,55.408766270547986
3,100.0,55.59323750145527
3,101.0,55.77904188792297
3,102.0,55.966155382592866
3,103.0,56.1545530036449
3,104.0,56.344208805572364
3,105.0,56.535095850937104
3,106.0,56.72718618315523
3,107.0,56.920450800364186
3,108.0,57.11485963041935
3,109.0,57.31038150706836
3,110.0,57.50698414734874
3,111.0,57.7046341302541
3,112.0,57.90329687671163
3,113.0,58.10293663091308
3,114.0,58.30351644303895
3,115.0,58.504998153414476
3,116.0,58.70734237813415
3,117.0,58.91050849618962
3,118.0,59.114454638134305
3,119.0,59.31913767631589
3,120.0,59.52451321670612
3,121.0,59.73053559235557
3,122.0,59.937157858498516
3,123.0,60.14433178933195
3,124.0,60.352007876489665
3,125.0,60.5601353292312
3,126.0,60.76866207636275
3,127.0,60.97753476990522
3,128.0,61.186698790522584
3,129.0,61.39609825472124
3,130.0,61.605676023829105
3,131.0,61.81537371476095
3,132.0,62.02513171257417
3,133.0,62.23488918481696
3,134.0,62.44458409766897
3,135.0,62.6541532338715
3,136.0,62.86353221244314
3,137.0,63.0726555101734
3,138.0,63.28145648488555
3,139.0,63.489867400457015
3,140.0,63.697819453584025
3,141.0,63.905242802274266
3,142.0,64.11206659604997
3,143.0,64.31821900784105
3,144.0,64.52362726754559
3,145.0,64.72821769723411
3,146.0,64.93191574796988
3,147.0,65.13464603821744
3,148.0,65.33633239380816
3,149.0,65.53689788943038
3,150.0,65.73626489160874
3,151.0,65.93435510313708
3,152.0,66.131089608925
3,153.0,66.3263889232186
3,154.0,66.52017303815265
3,155.0,66.71236147358997
3,156.0,66.90287332820256
3,157.0,67.09162733174657
3,158.0,67.27854189848229
3,159.0,67.46353518168821
3,160.0,67.646525129217
3,161.0,67.82742954003972
3,162.0,68.00616612172321
3,163.0,68.18265254878399
3,164.0,68.3568065218614
3,165.0,68.52854582765052
3,166.0,68.69778839953524
3,167.0,68.86445237886029
3,168.0,69.02845617677974
3,169.0,69.1897185366195
3,170.0,69.34815859668912
3,171.0,69.50369595347918
3,172.0,69.6562507251777
3,173.0,69.8057436154405
3,174.0,69.95209597734816
3,175.0,70.09522987748294
3,176.0,70.23506816005776
3,177.0,70.37153451102986
3,178.0,70.5045535221303
3,179.0,70.63405075474184
3,180.0,70.7599528035562
3,181.0,70.88218735994256
3,182.0,71.00068327495906
3,183.0,71.11537062193871
3,184.0,71.22618075858234
3,185.0,71.3330463884903
3,186.0,71.43590162206618
3,187.0,71.53468203672512
3,188.0,71.62932473634115
3,189.0,71.71976840986709
3,190.0,71.8059533890627
3,191.0,71.88782170526635
3,192.0,71.96531714514718
3,193.0,72.03838530537503
3,194.0,72.10697364614687
3,195.0,72.171031543509
3,196.0,72.23051034041623
3,197.0,72.28536339646944
3,198.0,72.33554613627498
3,199.0,72.38101609637039
3,200.0,72.42173297066238
3,201.0,72.4576586543244
3,202.0,72.48875728610265
3,203.0,72.51499528898141
3,204.0,72.53634140915922
3,205.0,72.5527667532904
3,206.0,72.56424482394712
3,207.0,72.57075155325961
3,208.0,72.57226533469382
3,209.0,72.56876705292765
3,210.0,72.56024011178899
3,211.0,72.5466704602206
3,212.0,72.5280466162395
3,213.0,72.50435968885935
3,214.0,72.47560339794808
3,215.0,72.44177409199378
3,216.0,72.40287076375498
3,217.0,72.35889506377302
3,218.0,72.30985131172676
3,219.0,72.25574650561256
3,220.0,72.19659032873356
3,221.0,72.13239515448623
3,222.0,72.06317604893273
3,223.0,71.98895077115172
3,224.0,71.90973977136102
3,225.0,71.82556618680914
3,226.0,71.73645583543419
3,227.0,71.64243720729155
3,228.0,71.54354145375406
3,229.0,71.43980237449014
3,230.0,71.33125640222913
3,231.0,71.21794258532337
3,232.0,71.09990256812111
3,233.0,70.97718056916503
3,234.0,70.84982335723419
3,235.0,70.71788022524946
3,236.0,70.58140296206467
3,237.0,70.44044582216789
3,238.0,70.29506549331984
3,239.0,70.14532106215813
3,240.0,69.99127397779843
3,241.0,69.83298801346616
3,242.0,69.67052922619354
3,243.0,69.50396591461968
3,244.0,69.33336857493335
3,245.0,69.158809854999
3,246.0,68.98036450671053
3,247.0,68.79810933661675
3,248.0,68.61212315486654
3,249.0,68.42248672252174
3,250.0,68.22928269728898
3,251.0,68.03259557772195
3,252.0,67.83251164594822
3,253.0,67.62911890897607
3,254.0,67.42250703863766
3,255.0,67.21276731022736
3,256.0,66.99999253989411
3,257.0,66.78427702084939
3,258.0,66.56571645845226
3,259.0,66.34440790423504
3,260.0,66.12044968893403
3,261.0,65.89394135458997
3,262.0,65.66498358578522
3,263.0,65.43367814008434
3,264.0,65.20012777774593
3,265.0,64.96443619077446
3,266.0,64.72670793138113
3,267.0,64.4870483399238
3,268.0,64.24556347239577
3,269.0,64.00236002753442
3,270.0,63.75754527362036
3,271.0,63.511226975038596
3,272.0,63.263513318672494
3,273.0,63.01451284020256
3,274.0,62.76433435038075
3,275.0,62.51308686135218
3,276.0,62.26087951309498
3,277.0,62.00782150004946
3,278.0,61.75402199800668
3,279.0,61.499590091327114
3,280.0,61.24463470055865
3,281.0,60.98926451052332
3,282.0,60.73358789894085
3,283.0,60.47771286565713
3,284.0,60.22174696254434
3,285.0,59.96579722413889
3,286.0,59.7099700990823
3,287.0,59.45437138242902
3,288.0,59.19910614888448
3,289.0,58.94427868703507
3,290.0,58.68999243463075
3,291.0,58.43634991497967
3,292.0,58.1834526745129
3,293.0,57.93140122157573
3,294.0,57.68029496650089
3,295.0,57.4302321630169
3,296.0,57.18130985104399
3,297.0,56.93362380092755
3,298.0,56.687268459157934
3,299.0,56.4423368956234
3,300.0,56.19892075244117
3,301.0,55.95711019440996
3,302.0,55.71699386112499
3,303.0,55.4786588207952
3,304.0,55.2421905257994
3,305.0,55.0076727700172
3,306.0,54.775187647967755
3,307.0,54.54481551578725
3,308.0,54.31663495407435
3,309.0,54.090722732630404
3,310.0,53.86715377711884
3,311.0,53.64600113766638
3,312.0,53.4273359594262
3,313.0,53.211227455120714
3,314.0,52.99774287957998
3,315.0,52.78694750628887
3,316.0,52.57890460595409
3,317.0,52.37367542709974
3,318.0,52.171319178698084
3,319.0,51.97189301483933
3,320.0,51.77545202144254
3,321.0,51.58204920500696
3,322.0,51.391735483401014
3,323.0,51.20455967868401
3,324.0,51.02056851195288
3,325.0,50.839806600204696
3,326.0,50.662316455202514
3,327.0,50.488138484330996
3,328.0,50.31731099342497
3,329.0,50.14987019155255
3,330.0,49.98585019773217
3,331.0,49.8252830495604
3,332.0,49.66819871372596
3,333.0,49.514625098382574
3,334.0,49.36458806735167
3,335.0,49.21811145612398
3,336.0,49.07521708962686
3,337.0,48.935924801722564
3,338.0,48.80025245640047
3,339.0,48.66821597062484
3,340.0,48.53982933879763
3,341.0,48.41510465879424
3,342.0,48.29405215952866
3,343.0,48.176680230002205
3,344.0,48.0629954497895
3,345.0,47.9530026209128
3,346.0,47.846704801055296
3,347.0,47.74410333806175
3,348.0,47.64519790567442
3,349.0,47.54998654045027
3,350.0,47.45846567980465
3,351.0,47.370630201125614
3,352.0,47.28647346190162
3,353.0,47.20598734080493
3,354.0,47.129162279671554
3,355.0,47.05598732631854
3,356.0,46.986450178137616
3,357.0,46.92053722640468
3,358.0,46.85823360124327
3,359.0,46.79952321717971
3,360.0,46.74438881922772
3,361.0,46.69281202943922
3,362.0,46.64477339385823
3,363.0,46.60025242981457
3,364.0,46.5592276734935
4,0.0,49.20862866036996
4,1.0,49.11909464662695
4,2.0,49.032405891218566
4,3.0,48.94857028998022
4,4.0,48.867594706362475
4,5.0,48.78948499097474
4,6.0,48.71424600162213
4,7.0,48.64188162380376
4,8.0,48.57239479164016
4,9.0,48.505787509197056
4,10.0,48.44206087217314
4,11.0,48.381215089918335
4,12.0,48.32324950774969
4,13.0,48.268162629531425
4,14.0,48.215952140485875
4,15.0,48.16661493020162
4,16.0,48.12014711580567
4,17.0,48.07654406526611
4,18.0,48.03580042079176
4,19.0,47.99791012229594
4,20.0,47.962866430891054
4,21.0,47.93066195238115
4,22.0,47.901288660720056
4,23.0,47.87473792140248
4,24.0,47.851000514756336
4,25.0,47.83006665910452
4,26.0,47.81192603376493
4,27.0,47.796567801858
4,28.0,47.78398063289132
4,29.0,47.77415272509173
4,30.0,47.76707182745539
4,31.0,47.762725261487454
4,32.0,47.761099942603046
4,33.0,47.76218240116238
4,34.0,47.76595880311318
4,35.0,47.77241497021451
4,36.0,47.781536399816815
4,37.0,47.79330828417361
4,38.0,47.80771552926141
4,39.0,47.82474277308493
4,40.0,47.84437440344573
4,41.0,47.866594575153385
4,42.0,47.891387226658786
4,43.0,47.91873609609083
4,44.0,47.948624736677964
4,45.0,47.981036531537555
4,46.0,48.01595470781693
4,47.0,48.05336235017066
4,48.0,48.09324241356045
4,49.0,48.135577735364
4,50.0,48.18035104678129
4,51.0,48.22754498352721
4,52.0,48.277142095800734
4,53.0,48.329124857521975
4,54.0,48.38347567482961
4,55.0,48.440176893832195
4,56.0,48.49921080760796
4,57.0,48.560559662449194
4,58.0,48.62420566334789
4,59.0,48.690130978721065
4,60.0,48.75831774437483
4,61.0,48.82874806670772
4,62.0,48.90140402515488
4,63.0,48.97626767387574
4,64.0,49.05332104268912
4,65.0,49.132546137260675
4,66.0,49.213924938548836
4,67.0,49.297439401516314
4,68.0,49.38307145311582
4,69.0,49.470802989558955
4,70.0,49.5606158728792
4,71.0,49.652491926800145
4,72.0,49.7464129319219
4,73.0,49.84236062023919
4,74.0,49.940316669005504
4,75.0,50.040262693959534
4,76.0,50.14218024192977
4,77.0,50.24605078283545
4,78.0,50.3518557011018
4,79.0,50.45957628650941
4,80.0,50.5691937244975
4,81.0,50.680689085942646
4,82.0,50.79404331643449
4,83.0,50.90923722507134
4,84.0,51.02625147279902
4,85.0,51.14506656031731
4,86.0,51.26566281557856
4,87.0,51.388020380904365
4,88.0,51.512119199746245
4,89.0,51.63793900311719
4,90.0,51.76545929572142
4,91.0,51.894659341810154
4,92.0,52.02551815079179
4,93.0,52.15801446262527
4,94.0,52.29212673302589
4,95.0,52.427833118513064
4,96.0,52.56511146132997
4,97.0,52.703939274265466
4,98.0,52.84429372540844
4,99.0,52.986151622865634
4,100.0,53.12948939947353
4,101.0,53.274283097535545
4,102.0,53.420508353615396
4,103.0,53.56814038341803
4,104.0,53.71715396678914
4,105.0,53.867523432864424
4,106.0,54.019222645399786
4,107.0,54.17222498831329
4,108.0,54.3265033514697
4,109.0,54.48203011673851
4,110.0,54.63877714435536
4,111.0,54.79671575961742
4,112.0,54.95581673994231
4,113.0,55.11605030232007
4,114.0,55.277386091187296
4,115.0,55.439793166752
4,116.0,55.60323999379742
4,117.0,55.76769443099247
4,118.0,55.93312372073579
4,119.0,56.09949447956021
4,120.0,56.26677268912329
4,121.0,56.434923687809444
4,122.0,56.603912162967916
4,123.0,56.773702143810915
4,124.0,56.944256994994596
4,125.0,57.11553941090554
4,126.0,57.28751141067409
4,127.0,57.46013433393522
4,128.0,57.63336883735681
4,129.0,57.80717489195424
4,130.0,57.98151178120907
4,131.0,58.15633810000922
4,132.0,58.33161175442613
4,133.0,58.50728996234456
4,134.0,58.68332925495847
4,135.0,58.85968547914641
4,136.0,59.03631380073786
4,137.0,59.21316870868184
4,138.0,59.390204020127065
4,139.0,59.56737288642238
4,140.0,59.744627800045144
4,141.0,59.92192060246347
4,142.0,60.09920249293786
4,143.0,60.27642403826602
4,144.0,60.45353518347369
4,145.0,60.63048526345316
4,146.0,60.807223015549795
4,147.0,60.98369659309617
4,148.0,61.159853579891134
4,149.0,61.335641005621596
4,150.0,61.51100536222176
4,151.0,61.68589262116489
4,152.0,61.86024825168053
4,153.0,62.034017239889316
4,154.0,62.20714410884624
4,155.0,62.37957293948201
4,156.0,62.55124739243107
4,157.0,62.72211073073353
4,158.0,62.892105843397275
4,159.0,63.06117526980524
4,160.0,63.229261224951856
4,161.0,63.3963056254913
4,162.0,63.562250116579506
4,163.0,63.72703609949041
4,164.0,63.89060475998593
4,165.0,64.05289709741861
4,166.0,64.21385395454388
4,167.0,64.373416048019
4,168.0,64.531523999564
4,169.0,64.68811836775926
4,170.0,64.84313968045343
4,171.0,64.99652846775474
4,172.0,65.14822529557725
4,173.0,65.29817079971367
4,174.0,65.44630572040465
4,175.0,65.59257093737449
4,176.0,65.73690750530194
4,177.0,65.87925668969405
4,178.0,66.01956000313106
4,179.0,66.15775924184881
4,180.0,66.29379652262482
4,181.0,66.42761431993439
4,182.0,66.55915550334109
4,183.0,66.68836337508696
4,184.0,66.81518170784669
4,185.0,66.93955478260918
4,186.0,67.06142742665055
4,187.0,67.18074505156167
4,188.0,67.29745369129289
4,189.0,67.41150004017904
4,190.0,67.522831490907
4,191.0,67.63139617238825
4,192.0,67.73714298749884
4,193.0,67.8400216506485
4,194.0,67.93998272514168
4,195.0,68.03697766029234
4,196.0,68.13095882825473
4,197.0,68.22187956053281
4,198.0,68.30969418413059
4,199.0,68.39435805730609
4,200.0,68.4758276048922
4,201.0,68.55406035314721
4,202.0,68.62901496409897
4,203.0,68.70065126934637
4,204.0,68.76893030328246
4,205.0,68.83381433570426
4,206.0,68.89526690377403
4,207.0,68.95325284329829
4,208.0,69.00773831929057
4,209.0,69.05869085578507
4,210.0,69.10607936486873
4,211.0,69.14987417490012
4,212.0,69.1900470578837
4,213.0,69.22657125597006
4,214.0,69.25942150705175
4,215.0,69.28857406942682
4,216.0,69.31400674550169
4,217.0,69.335698904507
4,218.0,69.35363150420021
4,219.0,69.36778711152978
4,220.0,69.37814992223738
4,221.0,69.38470577937473
4,222.0,69.38744219071314
4,223.0,69.38634834502508
4,224.0,69.38141512721769
4,225.0,69.3726351322996
4,226.0,69.36000267816374
4,227.0,69.34351381716921
4,228.0,69.32316634650749
4,229.0,69.2989598173388
4,230.0,69.27089554268534
4,231.0,69.2389766040707
4,232.0,69.2032078568942
4,233.0,69.16359593453157
4,234.0,69.12014925115405
4,235.0,69.07287800325913
4,236.0,69.02179416990809
4,237.0,68.96691151166587
4,238.0,68.908245568241
4,239.0,68.84581365482396
4,240.0,68.77963485712417
4,241.0,68.70973002510634
4,242.0,68.63612176542965
4,243.0,68.55883443259239
4,244.0,68.47789411878844
4,245.0,68.39332864248117
4,246.0,68.30516753570306
4,247.0,68.21344203008972
4,248.0,68.11818504165876
4,249.0,68.01943115434536
4,250.0,67.9172166023068
4,251.0,67.81157925101063
4,252.0,67.70255857712131
4,253.0,67.59019564720225
4,254.0,67.4745330952506
4,255.0,67.35561509908393
4,256.0,67.23348735559864
4,257.0,67.10819705492146
4,258.0,66.97979285347621
4,259.0,66.84832484598918
4,260.0,66.71384453645754
4,261.0,66.57640480810646
4,262.0,66.4360598923609
4,263.0,66.29286533686027
4,264.0,66.14687797254349
4,265.0,65.9981558798346
4,266.0,65.84675835395828
4,267.0,65.69274586941708
4,268.0,65.5361800436619
4,269.0,65.37712359998801
4,270.0,65.21564032969073
4,271.0,65.05179505351441
4,272.0,64.88565358242931
4,273.0,64.71728267777252
4,274.0,64.54675001078803
4,275.0,64.37412412160319
4,276.0,64.19947437767843
4,277.0,64.02287093176761
4,278.0,63.844384679427314
4,279.0,63.66408721611322
4,280.0,63.48205079390246
4,281.0,63.29834827788093
4,282.0,63.113053102234865
4,283.0,62.926239226086196
4,284.0,62.7379810891115
4,285.0,62.54835356698432
4,286.0,62.35743192668081
4,287.0,62.165291781688694
4,288.0,61.9720090471595
4,289.0,61.77765989504417
4,290.0,61.5823207092518
4,291.0,61.386068040871244
4,292.0,61.188978563495205
4,293.0,60.99112902868627
4,294.0,60.792596221623896
4,295.0,60.593456916971135
4,296.0,60.39378783499968
4,297.0,60.19366559801134
4,298.0,59.99316668709347
4,299.0,59.792367399245755
4,300.0,59.59134380491488
4,301.0,59.39017170597345
4,302.0,59.188926594178575
4,303.0,58.98768361014518
4,304.0,58.78651750286829
4,305.0,58.585502589827996
4,306.0,58.384712717709924
4,307.0,58.184221223773314
4,308.0,57.9841008978981
4,309.0,57.78442394534147
4,310.0,57.58526195023352
4,311.0,57.38668583984068
4,312.0,57.18876584962498
4,313.0,56.991571489125626
4,314.0,56.795171508689116
4,315.0,56.599633867072676
4,316.0,56.405025699944794
4,317.0,56.21141328930561
4,318.0,56.0188620338491
4,319.0,55.82743642028744
4,320.0,55.63719999565719
4,321.0,55.448215340625545
4,322.0,55.26054404381387
4,323.0,55.07424667715477
4,324.0,54.88938277229707
4,325.0,54.70601079807292
4,326.0,54.52418813903891
4,327.0,54.343971075102864
4,328.0,54.16541476224583
4,329.0,53.98857321434859
4,330.0,53.813499286129414
4,331.0,53.64024465720007
4,332.0,53.46885981724453
4,333.0,53.29939405232434
4,334.0,53.13189543231307
4,335.0,52.96641079946109
4,336.0,52.80298575809058
4,337.0,52.64166466541952
4,338.0,52.482490623512255
4,339.0,52.32550547235259
4,340.0,52.17074978403477
4,341.0,52.018262858065846
4,342.0,51.86808271777228
4,343.0,51.72024610780192
4,344.0,51.574788492711825
4,345.0,51.4317440566308
4,346.0,51.291145703984654
4,347.0,51.15302506127096
4,348.0,51.01741247986885
4,349.0,50.88433703986873
4,350.0,50.75382655490508
4,351.0,50.625907577975106
4,352.0,50.50060540822442
4,353.0,50.37794409868057
4,354.0,50.25794646491355
4,355.0,50.14063409460204
4,356.0,50.02602735798313
4,357.0,49.91414541916192
4,358.0,49.80500624825737
4,359.0,49.698626634359215
4,360.0,49.59502219927028
4,361.0,49.49420741200794
4,362.0,49.3961956040373
4,363.0,49.30099898520858
4,364.0,49.20862866036996
5,0.0,50.86075865769702
5,1.0,50.88915556124719
5,2.0,50.92239980455186
5,3.0,50.96038260585611
5,4.0,51.002992292841796
5,5.0,51.05011445549575
5,6.0,51.10163210141352
5,7.0,51.157425813347466
5,8.0,51.21737390880672
5,9.0,51.28135260151292
5,10.0,51.34923616451509
5,11.0,51.42089709476407
5,12.0,51.496206278946424
5,13.0,51.57503316037572
5,14.0,51.65724590673858
5,15.0,51.74271157849213
5,16.0,51.83129629770827
5,17.0,51.92286541716114
5,18.0,52.017283689452924
5,19.0,52.114415435973996
5,20.0,52.2141247154939
5,21.0,52.31627549217994
5,22.0,52.42073180284153
5,23.0,52.52735792319941
5,24.0,52.63601853298033
5,25.0,52.74657887963946
5,26.0,52.858904940514655
5,27.0,52.972863583218896
5,28.0,53.08832272407956
5,29.0,53.20515148443573
5,30.0,53.323220344607705
5,31.0,53.4424012953557
5,32.0,53.56256798664821
5,33.0,53.68359587356374
5,34.0,53.80536235915361
5,35.0,53.927746934097094
5,36.0,54.05063131298436
5,37.0,54.17389956706711
5,38.0,54.29743825332115
5,39.0,54.421136539669604
5,40.0,54.54488632622079
5,41.0,54.668582362379304
5,42.0,54.792122359694254
5,43.0,54.91540710031415
5,44.0,55.03834054092271
5,45.0,55.160829912036625
5,46.0,55.28278581255088
5,47.0,55.404122299424095
5,48.0,55.52475697240186
5,49.0,55.644611053682475
5,50.0,55.763609462435575
5,51.0,55.881680884090656
5,52.0,55.998757834318994
5,53.0,56.114776717638875
5,54.0,56.229677880580795
5,55.0,56.34340565935614
5,56.0,56.455908421979366
5,57.0,56.56713860480078
5,58.0,56.677052743413824
5,59.0,56.78561149790765
5,60.0,56.89277967244291
5,61.0,56.998526229135486
5,62.0,57.10282429623995
5,63.0,57.20565117063169
5,64.0,57.306988314593504
5,65.0,57.40682134691935
5,66.0,57.505140028355434
5,67.0,57.601938241405065
5,68.0,57.697213964531215
5,69.0,57.79096924079734
5,70.0,57.88321014099386
5,71.0,57.97394672130452
5,72.0,58.06319297557359
5,73.0,58.15096678224133
5,74.0,58.23728984602188
5,75.0,58.322187634404145
5,76.0,58.40568930906239
5,77.0,58.487827652269985
5,78.0,58.56863898841514
5,79.0,58.64816310072433
5,80.0,58.72644314330426
5,81.0,58.8035255486195
5,82.0,58.879459930527986
5,83.0,58.95429898300285
5,84.0,59.02809837467322
5,85.0,59.10091663932283
5,86.0,59.17281506248972
5,87.0,59.243857564314894
5,88.0,59.31411057879316
5,89.0,59.383642929582805
5,90.0,59.452525702536015
5,91.0,59.52083211511509
5,92.0,59.58863738286404
5,93.0,59.65601858310826
5,94.0,59.723054516058724
5,95.0,59.78982556350025
5,96.0,59.856413545246355
5,97.0,59.92290157354586
5,98.0,59.98937390562937
5,99.0,60.05591579458541
5,100.0,60.12261333875884
5,101.0,60.18955332986517
5,102.0,60.25682310001699
5,103.0,60.32451036785905
5,104.0,60.39270308401058
5,105.0,60.46148927601382
5,106.0,60.53095689298832
5,107.0,60.60119365019158
5,108.0,60.672286873685906
5,109.0,60.744323345311976
5,110.0,60.81738914816917
5,111.0,60.891569512801624
5,112.0,60.96694866428897
5,113.0,61.043609670439146
5,114.0,61.121634291279435
5,115.0,61.201102830040526
5,116.0,61.28209398582654
5,117.0,61.36468470816204
5,118.0,61.448950053604555
5,119.0,61.534963044609206
5,120.0,61.62279453082873
5,121.0,61.712513053029745
5,122.0,61.80418470980288
5,123.0,61.89787302724075
5,124.0,61.993638831754744
5,125.0,62.09154012619732
5,126.0,62.19163196945276
5,127.0,62.29396635965529
5,128.0,62.39859212118895
5,129.0,62.50555479561877
5,130.0,62.61489653669909
5,131.0,62.726656009598344
5,132.0,62.84086829447634
5,133.0,62.95756479454328
5,134.0,63.07677314872547
5,135.0,63.19851714905639
5,136.0,63.322816662906476
5,137.0,63.44968756015902
5,138.0,63.579141645433715
5,139.0,63.711186595452894
5,140.0,63.84582590163987
5,141.0,63.98305881803204
5,142.0,64.122880314585
5,143.0,64.26528103593782
5,144.0,64.4102472657022
5,145.0,64.55776089633254
5,146.0,64.70779940462634
5,147.0,64.86033583289792
5,148.0,65.01533877586161
5,149.0,65.17277237325344
5,150.0,65.33259630821347
5,151.0,65.49476581144384
5,152.0,65.65923167115096
5,153.0,65.82594024877243
5,154.0,65.99483350048315
5,155.0,66.16584900446757
5,156.0,66.33891999393781
5,157.0,66.5139753958708
5,158.0,66.69093987543077
5,159.0,66.86973388603526
5,160.0,67.05027372501792
5,161.0,67.23247159483256
5,162.0,67.41623566973742
5,163.0,67.60147016789149
5,164.0,67.78807542878776
5,165.0,67.97594799594259
5,166.0,68.16498070475284
5,167.0,68.35506277542707
5,168.0,68.54607991089026
5,169.0,68.73791439955528
5,170.0,68.93044522284914
5,171.0,69.12354816737519
5,172.0,69.31709594158731
5,173.0,69.51095829684634
5,174.0,69.70500215272381
5,175.0,69.89909172641224
5,176.0,70.09308866609675
5,177.0,70.28685218813739
5,178.0,70.48023921790691
5,179.0,70.67310453412433
5,180.0,70.86530091652001
5,181.0,71.05667929666362
5,182.0,71.24708891178301
5,183.0,71.43637746139746
5,184.0,71.62439126658549
5,185.0,71.81097543170432
5,186.0,71.99597400837445
5,187.0,72.17923016153982
5,188.0,72.36058633741236
5,189.0,72.53988443310541
5,190.0,72.71696596775999
5,191.0,72.8916722549649
5,192.0,73.0638445762699
5,193.0,73.23332435559028
5,194.0,73.39995333429887
5,195.0,73.56357374680125
5,196.0,73.72402849638887
5,197.0,73.88116133116381
5,198.0,74.03481701982936
5,199.0,74.18484152713943
5,200.0,74.33108218880125
5,201.0,74.47338788562492
5,202.0,74.6116092167148
5,203.0,74.74559867149854
5,204.0,74.87521080039036
5,205.0,75.00030238388669
5,206.0,75.12073259989413
5,207.0,75.23636318909111
5,208.0,75.34705861812697
5,209.0,75.45268624046456
5,210.0,75.55311645467478
5,211.0,75.64822285999423
5,212.0,75.73788240896059
5,213.0,75.82197555694282
5,214.0,75.90038640838755
5,215.0,75.97300285960586
5,216.0,76.03971673792925
5,217.0,76.10042393706692
5,218.0,76.15502454850142
5,219.0,76.20342298876405
5,220.0,76.24552812243519
5,221.0,76.2812533807212
5,222.0,76.31051687546284
5,223.0,76.33324150843663
5,224.0,76.34935507581498
5,225.0,76.3587903676572
5,226.0,76.36148526230876
5,227.0,76.3573828155917
5,228.0,76.346431344676
5,229.0,76.32858450652655
5,230.0,76.3038013708276
5,231.0,76.27204648729256
5,232.0,76.23328994727288
5,233.0,76.18750743958775
5,234.0,76.13468030050097
5,235.0,76.07479555778016
5,236.0,76.00784596877864
5,237.0,75.9338300524882
5,238.0,75.85275211551736
5,239.0,75.76462227195725
5,240.0,75.66945645710356
5,241.0,75.567276435011
5,242.0,75.45810979986301
5,243.0,75.34198997114693
5,244.0,75.21895618263254
5,245.0,75.0890534651577
5,246.0,74.95233262323349
5,247.0,74.8088502054875
5,248.0,74.65866846897102
5,249.0,74.50185533736352
5,250.0,74.33848435311468
5,251.0,74.1686346235706
5,252.0,73.9923907611388
5,253.0,73.80984281755313
5,254.0,73.62108621230594
5,255.0,73.42622165532283
5,256.0,73.22535506396056
5,257.0,73.01859747441667
5,258.0,72.80606494764484
5,259.0,72.58787846987651
5,260.0,72.36416384785655
5,261.0,72.13505159890477
5,262.0,71.90067683592378
5,263.0,71.66117914747721
5,264.0,71.41670247306931
5,265.0,71.167394973762
5,266.0,70.91340889827136
5,267.0,70.65490044468984
5,268.0,70.39202961798676
5,269.0,70.12496008344336
5,270.0,69.85385901618422
5,271.0,69.57889694697113
5,272.0,69.30024760442953
5,273.0,69.01808775388226
5,274.0,68.7325970329687
5,275.0,68.44395778423178
5,276.0,68.15235488485821
5,277.0,67.8579755737609
5,278.0,67.56100927619545
5,279.0,67.26164742610564
5,280.0,66.96008328639512
5,281.0,66.65651176732526
5,282.0,66.35112924324073
5,283.0,66.04413336782723
5,284.0,65.73572288810605
5,285.0,65.42609745737303
5,286.0,65.11545744728984
5,287.0,64.80400375933613
5,288.0,64.49193763583312
5,289.0,64.17946047074817
5,290.0,63.866773620490925
5,291.0,63.554078214911236
5,292.0,63.241574968709294
5,293.0,62.92946399346705
5,294.0,62.61794461050994
5,295.0,62.307215164806344
5,296.0,61.99747284011185
5,297.0,61.68891347556241
5,298.0,61.381731383920275
5,299.0,61.07611917167374
5,300.0,60.772267561189366
5,301.0,60.47036521511385
5,302.0,60.17059856321869
5,303.0,59.873151631879345
5,304.0,59.57820587637599
5,305.0,59.28594001620089
5,306.0,58.99652987355303
5,307.0,58.710148215197194
5,308.0,58.42696459786064
5,309.0,58.147145217336316
5,310.0,57.87085276145731
5,311.0,57.59824626710228
5,312.0,57.32948098138751
5,313.0,57.064708227195396
5,314.0,56.80407527318513
5,315.0,56.54772520842486
5,316.0,56.295796821780534
5,317.0,56.04842448618952
5,318.0,55.8057380479426
5,319.0,55.56786272109148
5,320.0,55.33491898709303
5,321.0,55.107022499795015
5,322.0,54.88428399586248
5,323.0,54.66680921073691
5,324.0,54.45469880021397
5,325.0,54.2480482677196
5,326.0,54.04694789735615
5,327.0,53.8514826927854
5,328.0,53.661732322006706
5,329.0,53.477771068082745
5,330.0,53.299667785857764
5,331.0,53.12748586470657
5,332.0,52.96128319734527
5,333.0,52.80111215472764
5,334.0,52.647019567044005
5,335.0,52.49904671083247
5,336.0,52.357229302204836
5,337.0,52.221597496182795
5,338.0,52.09217589213273
5,339.0,51.96898354528013
5,340.0,51.85203398427802
5,341.0,51.74133523479622
5,342.0,51.63688984909154
5,343.0,51.53869494151218
5,344.0,51.44674222988233
5,345.0,51.361018082706345
5,346.0,51.281503572125445
5,347.0,51.20817453255235
5,348.0,51.141001624903744
5,349.0,51.0799504063431
5,350.0,51.02498140544061
5,351.0,50.97605020265042
5,352.0,50.93310751599915
5,353.0,50.89609929187413
5,354.0,50.864966800793354
5,355.0,50.83964673803375
5,356.0,50.820071328988725
5,357.0,50.806168439120576
5,358.0,50.79786168836795
5,359.0,50.7950705698635
5,360.0,50.79771057281222
5,361.0,50.80569330937566
5,362.0,50.818926645403444
5,363.0,50.837314834848215
5,364.0,50.86075865769702
