Date,Temperature_F,Precipitation_in
2015-10-09,48.6,0.06
2015-10-10,46.7,0.01
2015-10-11,49.1,0.04
2015-10-12,51.8,0.01
2015-10-13,46.5,0.01
2015-10-14,46.6,0.0
2015-10-15,52.0,0.0
2015-10-16,49.6,0.05
2015-10-17,46.0,0.03
2015-10-18,49.1,0.0
2015-10-19,46.1,0.2
2015-10-20,46.1,0.0
2015-10-21,48.3,0.0
2015-10-22,41.9,0.03
2015-10-23,42.5,0.01
2015-10-24,46.1,0.02
2015-10-25,44.8,0.03
2015-10-26,48.9,0.01
2015-10-27,45.3,0.0
2015-10-28,43.8,0.0
2015-10-29,52.6,0.0
2015-10-30,47.6,0.04
2015-10-31,48.5,0.02
2015-11-01,44.1,0.25
2015-11-02,46.9,0.28
2015-11-03,48.9,0.52
2015-11-04,45.2,0.11
2015-11-05,49.9,0.24
2015-11-06,47.1,0.18
2015-11-07,48.1,0.04
2015-11-08,47.3,0.05
2015-11-09,54.8,0.24
2015-11-10,49.3,0.54
2015-11-11,46.2,0.28
2015-11-12,52.0,0.13
2015-11-13,46.0,0.68
2015-11-14,50.4,0.16
2015-11-15,44.0,0.08
2015-11-16,46.0,0.89
2015-11-17,50.7,0.25
2015-11-18,52.5,0.8
2015-11-19,50.9,0.23
2015-11-20,50.2,0.24
2015-11-21,49.7,0.04
2015-11-22,46.3,0.16
2015-11-23,48.8,0.35
2015-11-24,49.7,0.41
2015-11-25,54.4,0.27
2015-11-26,52.4,0.18
2015-11-27,46.2,0.24
2015-11-28,52.6,0.07
2015-11-29,50.6,0.71
2015-11-30,49.9,0.45
2015-12-01,53.9,0.21
2015-12-02,55.3,0.15
2015-12-03,55.2,0.93
2015-12-04,50.0,0.13
2015-12-05,51.7,0.19
2015-12-06,53.8,0.73
2015-12-07,55.9,0.29
2015-12-08,51.7,0.03
2015-12-09,52.7,0.3
2015-12-10,50.1,0.13
2015-12-11,50.0,0.04
2015-12-12,56.2,0.14
2015-12-13,58.0,0.07
2015-12-14,53.9,0.1
2015-12-15,57.3,0.29
2015-12-16,55.5,0.05
2015-12-17,52.7,0.49
2015-12-18,55.9,0.17
2015-12-19,59.6,0.11
2015-12-20,55.0,0.17
2015-12-21,60.0,0.07
2015-12-22,47.6,0.07
2015-12-23,58.1,0.16
2015-12-24,56.1,0.3
2015-12-25,55.1,0.35
2015-12-26,56.4,0.15
2015-12-27,50.3,0.19
2015-12-28,55.8,0.28
2015-12-29,57.7,0.76
2015-12-30,61.3,0.25
2015-12-31,55.4,0.12
2016-01-01,54.7,0.09
2016-01-02,55.8,0.5
2016-01-03,60.3,0.14
2016-01-04,58.7,0.09
2016-01-05,56.3,0.45
2016-01-06,59.6,0.64
2016-01-07,58.5,0.19
2016-01-08,61.3,0.11
2016-01-09,56.4,0.21
2016-01-10,57.7,0.33
2016-01-11,57.7,0.38
2016-01-12,54.7,0.21
2016-01-13,60.1,0.65
2016-01-14,60.2,0.13
2016-01-15,59.6,0.16
2016-01-16,59.0,0.17
2016-01-17,55.6,0.3
2016-01-18,58.8,0.47
2016-01-19,59.2,0.05
2016-01-20,58.0,0.07
2016-01-21,60.1,0.3
2016-01-22,61.9,0.07
2016-01-23,66.5,0.18
2016-01-24,61.5,0.17
2016-01-25,61.9,0.59
2016-01-26,61.1,0.81
2016-01-27,55.7,0.14
2016-01-28,61.6,0.37
2016-01-29,62.0,0.17
2016-01-30,69.3,0.45
2016-01-31,61.5,0.07
2016-02-01,63.1,0.58
2016-02-02,62.3,0.13
2016-02-03,59.0,0.04
2016-02-04,66.1,0.14
2016-02-05,65.1,0.18
2016-02-06,65.3,0.07
2016-02-07,60.4,0.22
2016-02-08,67.4,0.41
2016-02-09,59.1,0.1
2016-02-10,65.2,0.75
2016-02-11,70.2,1.24
2016-02-12,60.8,0.18
2016-02-13,62.2,0.39
2016-02-14,64.3,0.33
2016-02-15,62.6,0.21
2016-02-16,59.6,0.19
2016-02-17,64.6,0.03
2016-02-18,61.3,0.2
2016-02-19,66.0,0.45
2016-02-20,61.9,0.13
2016-02-21,69.5,0.74
2016-02-22,62.6,0.33
2016-02-23,64.0,0.58
2016-02-24,67.6,0.19
2016-02-25,61.5,0.27
2016-02-26,66.0,0.38
2016-02-27,69.3,0.17
2016-02-28,60.7,0.56
2016-02-29,66.1,0.13
2016-03-01,66.5,0.95
2016-03-02,68.1,0.06
2016-03-03,62.1,0.36
2016-03-04,62.0,0.12
2016-03-05,67.6,0.08
2016-03-06,67.0,0.09
2016-03-07,66.9,0.08
2016-03-08,67.2,0.47
2016-03-09,64.2,0.44
2016-03-10,67.0,0.06
2016-03-11,67.3,0.35
2016-03-12,64.3,0.11
2016-03-13,72.1,0.02
2016-03-14,68.0,0.47
2016-03-15,63.0,0.53
2016-03-16,68.6,0.13
2016-03-17,63.8,0.59
2016-03-18,69.1,0.21
2016-03-19,70.3,0.25
2016-03-20,64.4,0.2
2016-03-21,69.7,0.06
2016-03-22,68.1,0.18
2016-03-23,69.4,0.06
2016-03-24,72.6,0.36
2016-03-25,66.2,0.4
2016-03-26,64.7,0.02
2016-03-27,64.3,0.38
2016-03-28,64.5,0.22
2016-03-29,66.8,0.03
2016-03-30,68.0,0.28
2016-03-31,67.8,0.16
2016-04-01,69.5,0.0
2016-04-02,67.0,0.01
2016-04-03,71.3,0.0
2016-04-04,66.2,0.01
2016-04-05,75.1,0.0
2016-04-06,68.8,0.02
2016-04-07,64.4,0.01
2016-04-08,63.7,0.01
2016-04-09,68.3,0.0
2016-04-10,66.2,0.0
2016-04-11,69.0,0.01
2016-04-12,68.2,0.06
2016-04-13,66.5,0.01
2016-04-14,64.2,0.08
2016-04-15,62.1,0.0
2016-04-16,65.3,0.0
2016-04-17,69.2,0.02
2016-04-18,67.2,0.04
2016-04-19,62.7,0.02
2016-04-20,66.9,0.01
2016-04-21,67.5,0.02
2016-04-22,63.7,0.02
2016-04-23,66.7,0.03
2016-04-24,66.4,0.01
2016-04-25,62.7,0.01
2016-04-26,67.1,0.0
2016-04-27,67.6,0.02
2016-04-28,69.1,0.01
2016-04-29,69.0,0.0
2016-04-30,61.6,0.04
2016-05-01,62.8,0.02
2016-05-02,67.1,0.01
2016-05-03,67.0,0.01
2016-05-04,66.9,0.08
2016-05-05,76.8,0.0
2016-05-06,66.9,0.01
2016-05-07,68.5,0.01
2016-05-08,67.8,0.12
2016-05-09,66.8,0.06
2016-05-10,63.8,0.04
2016-05-11,66.9,0.02
2016-05-12,62.2,0.0
2016-05-13,63.7,0.04
2016-05-14,62.8,0.0
2016-05-15,64.4,0.13
2016-05-16,71.0,0.03
2016-05-17,58.3,0.02
2016-05-18,65.9,0.21
2016-05-19,58.8,0.04
2016-05-20,62.1,0.0
2016-05-21,66.7,0.02
2016-05-22,63.5,0.01
2016-05-23,59.9,0.0
2016-05-24,60.9,0.13
2016-05-25,64.9,0.0
2016-05-26,60.5,0.01
2016-05-27,63.2,0.15
2016-05-28,62.6,0.03
2016-05-29,60.4,0.09
2016-05-30,68.6,0.0
2016-05-31,63.9,0.0
2016-06-01,55.8,0.02
2016-06-02,62.3,0.0
2016-06-03,59.6,0.03
2016-06-04,64.0,0.0
2016-06-05,58.9,0.0
2016-06-06,60.7,0.0
2016-06-07,62.5,0.01
2016-06-08,63.4,0.0
2016-06-09,57.0,0.0
2016-06-10,59.5,0.0
2016-06-11,58.9,0.04
2016-06-12,58.2,0.0
2016-06-13,65.3,0.04
2016-06-14,61.0,0.02
2016-06-15,55.9,0.04
2016-06-16,62.2,0.07
2016-06-17,65.7,0.01
2016-06-18,62.2,0.04
2016-06-19,54.4,0.01
2016-06-20,57.3,0.0
2016-06-21,62.4,0.03
2016-06-22,56.3,0.03
2016-06-23,59.6,0.0
2016-06-24,60.4,0.02
2016-06-25,55.2,0.07
2016-06-26,57.6,0.17
2016-06-27,47.9,0.09
2016-06-28,54.4,0.05
2016-06-29,56.5,0.01
2016-06-30,53.3,0.0
2016-07-01,61.8,0.05
2016-07-02,52.5,0.0
2016-07-03,55.2,0.02
2016-07-04,56.8,0.0
2016-07-05,60.5,0.02
2016-07-06,51.7,0.0
2016-07-07,59.4,0.02
2016-07-08,55.7,0.0
2016-07-09,52.6,0.03
2016-07-10,56.8,0.01
2016-07-11,55.8,0.16
2016-07-12,53.2,0.01
2016-07-13,55.1,0.0
2016-07-14,53.5,0.0
2016-07-15,54.9,0.03
2016-07-16,56.3,0.0
2016-07-17,59.0,0.0
2016-07-18,50.3,0.0
2016-07-19,60.3,0.01
2016-07-20,47.8,0.0
2016-07-21,53.1,0.0
2016-07-22,55.1,0.03
2016-07-23,54.1,0.05
2016-07-24,51.2,0.02
2016-07-25,52.3,0.04
2016-07-26,51.3,0.02
2016-07-27,50.8,0.01
2016-07-28,55.0,0.03
2016-07-29,53.4,0.01
2016-07-30,50.1,0.02
2016-07-31,54.7,0.0
2016-08-01,52.8,0.0
2016-08-02,54.1,0.04
2016-08-03,53.4,0.0
2016-08-04,48.9,0.02
2016-08-05,49.6,0.0
2016-08-06,53.4,0.02
2016-08-07,52.8,0.01
2016-08-08,50.8,0.06
2016-08-09,51.1,0.06
2016-08-10,54.4,0.02
2016-08-11,48.7,0.01
2016-08-12,52.0,0.05
2016-08-13,49.6,0.11
2016-08-14,49.4,0.0
2016-08-15,53.2,0.0
2016-08-16,52.3,0.02
2016-08-17,52.1,0.0
2016-08-18,53.5,0.05
2016-08-19,49.5,0.01
2016-08-20,51.4,0.0
2016-08-21,48.3,0.02
2016-08-22,50.1,0.03
2016-08-23,48.6,0.01
2016-08-24,49.2,0.0
2016-08-25,50.6,0.0
2016-08-26,46.3,0.0
2016-08-27,54.9,0.0
2016-08-28,45.5,0.01
2016-08-29,44.8,0.18
2016-08-30,51.8,0.16
2016-08-31,50.7,0.0
2016-09-01,50.1,0.02
2016-09-02,50.0,0.0
2016-09-03,48.0,0.04
2016-09-04,45.3,0.16
2016-09-05,48.1,0.04
2016-09-06,45.8,0.0
2016-09-07,50.7,0.04
2016-09-08,47.3,0.04
2016-09-09,45.2,0.02
2016-09-10,46.6,0.0
2016-09-11,48.8,0.0
2016-09-12,45.8,0.0
2016-09-13,44.9,0.0
2016-09-14,48.1,0.0
2016-09-15,48.1,0.0
2016-09-16,45.8,0.0
2016-09-17,45.8,0.07
2016-09-18,47.9,0.1
2016-09-19,42.8,0.01
2016-09-20,42.9,0.0
2016-09-21,45.0,0.02
2016-09-22,46.4,0.04
2016-09-23,48.0,0.01
2016-09-24,51.5,0.01
2016-09-25,49.6,0.05
2016-09-26,46.5,0.0
2016-09-27,47.0,0.0
2016-09-28,44.0,0.05
2016-09-29,46.9,0.01
2016-09-30,46.1,0.02
2016-10-01,48.0,0.0
2016-10-02,44.5,0.01
2016-10-03,48.6,0.08
2016-10-04,51.6,0.02
2016-10-05,46.7,0.0
2016-10-06,48.3,0.0
2016-10-07,49.1,0.0
2016-10-08,45.9,0.0
2016-10-09,47.8,0.02
2016-10-10,47.2,0.03
2016-10-11,47.5,0.0
2016-10-12,44.9,0.01
2016-10-13,47.3,0.01
2016-10-14,48.8,0.04
2016-10-15,51.7,0.01
2016-10-16,50.3,0.04
2016-10-17,53.9,0.05
2016-10-18,45.2,0.01
2016-10-19,50.2,0.0
2016-10-20,48.2,0.01
2016-10-21,54.2,0.0
2016-10-22,45.3,0.0
2016-10-23,45.3,0.04
2016-10-24,46.1,0.0
2016-10-25,41.6,0.01
2016-10-26,46.4,0.03
2016-10-27,45.8,0.02
2016-10-28,48.6,0.03
2016-10-29,49.3,0.03
2016-10-30,54.0,0.0
2016-10-31,51.3,0.04
2016-11-01,46.8,0.02
2016-11-02,45.9,0.14
2016-11-03,50.2,0.34
2016-11-04,44.8,0.25
2016-11-05,54.4,0.54
2016-11-06,52.5,0.48
2016-11-07,47.7,0.32
2016-11-08,44.1,0.16
2016-11-09,53.4,0.12
2016-11-10,49.1,0.57
2016-11-11,53.2,0.32
2016-11-12,44.9,0.09
2016-11-13,48.0,0.5
2016-11-14,49.9,0.31
2016-11-15,50.1,0.2
2016-11-16,48.8,0.44
2016-11-17,52.1,0.36
2016-11-18,47.2,0.65
2016-11-19,50.1,0.65
2016-11-20,51.0,0.13
2016-11-21,52.3,0.22
2016-11-22,53.1,0.16
2016-11-23,47.7,0.9
2016-11-24,46.6,0.44
2016-11-25,55.2,0.22
2016-11-26,52.5,0.11
2016-11-27,49.4,0.24
2016-11-28,56.4,0.17
2016-11-29,52.3,0.08
2016-11-30,55.6,0.49
2016-12-01,52.4,0.17
2016-12-02,58.5,0.26
2016-12-03,57.8,0.21
2016-12-04,51.9,0.51
2016-12-05,55.7,0.52
2016-12-06,54.9,0.37
2016-12-07,57.2,0.31
2016-12-08,50.4,0.03
2016-12-09,55.5,0.19
2016-12-10,56.8,0.59
2016-12-11,48.5,0.28
2016-12-12,50.4,0.17
2016-12-13,48.0,0.14
2016-12-14,53.5,0.14
2016-12-15,56.6,0.25
2016-12-16,59.1,0.13
2016-12-17,55.0,0.56
2016-12-18,59.8,0.02
2016-12-19,51.0,0.43
2016-12-20,50.2,0.68
2016-12-21,55.3,0.07
2016-12-22,56.8,0.4
2016-12-23,55.7,0.33
2016-12-24,49.8,0.1
2016-12-25,55.9,0.06
2016-12-26,52.4,0.35
2016-12-27,58.5,0.91
2016-12-28,57.8,0.62
2016-12-29,54.0,0.4
2016-12-30,55.5,0.34
2016-12-31,54.0,0.28
2017-01-01,57.0,0.22
2017-01-02,60.2,0.36
2017-01-03,54.6,0.1
2017-01-04,59.2,0.47
2017-01-05,56.3,0.23
2017-01-06,55.7,0.23
2017-01-07,57.9,0.79
2017-01-08,55.3,0.06
2017-01-09,56.9,0.41
2017-01-10,55.1,0.72
2017-01-11,64.8,0.37
2017-01-12,59.2,0.29
2017-01-13,57.1,0.22
2017-01-14,60.0,0.48
2017-01-15,59.2,0.36
2017-01-16,59.1,0.18
2017-01-17,61.7,0.22
2017-01-18,62.3,0.36
2017-01-19,58.6,0.08
2017-01-20,58.6,0.13
2017-01-21,59.7,0.67
2017-01-22,53.8,0.16
2017-01-23,56.3,0.06
2017-01-24,65.1,0.37
2017-01-25,66.1,0.66
2017-01-26,60.6,0.05
2017-01-27,63.2,0.54
2017-01-28,62.6,0.72
2017-01-29,71.0,0.51
2017-01-30,65.3,0.21
2017-01-31,61.7,0.56
2017-02-01,59.4,0.6
2017-02-02,57.6,0.07
2017-02-03,63.1,0.45
2017-02-04,60.4,0.26
2017-02-05,58.5,0.25
2017-02-06,61.0,0.02
2017-02-07,59.8,0.02
2017-02-08,68.3,0.26
2017-02-09,66.0,0.21
2017-02-10,63.5,0.21
2017-02-11,68.1,0.19
2017-02-12,64.0,0.08
2017-02-13,61.3,0.48
2017-02-14,68.6,0.71
2017-02-15,65.7,0.04
2017-02-16,61.1,0.42
2017-02-17,63.8,0.06
2017-02-18,61.8,0.18
2017-02-19,60.4,0.34
2017-02-20,67.5,0.11
2017-02-21,70.5,0.09
2017-02-22,60.7,0.23
2017-02-23,66.7,0.47
2017-02-24,63.2,0.14
2017-02-25,63.8,0.09
2017-02-26,63.5,0.15
2017-02-27,62.8,0.59
2017-02-28,65.6,0.24
2017-03-01,63.1,0.26
2017-03-02,66.5,0.17
2017-03-03,65.6,0.2
2017-03-04,65.1,0.43
2017-03-05,63.2,0.26
2017-03-06,64.3,0.87
2017-03-07,68.3,0.15
2017-03-08,67.6,0.67
2017-03-09,63.3,0.04
2017-03-10,66.6,0.27
2017-03-11,68.6,0.24
2017-03-12,61.4,0.67
2017-03-13,68.1,0.17
2017-03-14,64.5,0.84
2017-03-15,68.3,0.04
2017-03-16,64.3,0.11
2017-03-17,61.2,0.12
2017-03-18,61.8,0.05
2017-03-19,66.9,0.24
2017-03-20,67.6,0.18
2017-03-21,64.1,0.54
2017-03-22,68.8,0.06
2017-03-23,61.9,1.15
2017-03-24,66.7,0.8
2017-03-25,63.3,0.13
2017-03-26,65.0,0.41
2017-03-27,67.1,0.13
2017-03-28,64.4,0.4
2017-03-29,65.8,0.05
2017-03-30,70.0,0.39
2017-03-31,65.3,0.16
2017-04-01,69.5,0.08
2017-04-02,63.6,0.01
2017-04-03,68.6,0.01
2017-04-04,71.3,0.0
2017-04-05,59.6,0.03
2017-04-06,64.6,0.18
2017-04-07,68.7,0.0
2017-04-08,66.3,0.02
2017-04-09,68.0,0.08
2017-04-10,65.1,0.0
2017-04-11,67.1,0.01
2017-04-12,66.4,0.1
2017-04-13,70.3,0.0
2017-04-14,67.5,0.0
2017-04-15,67.7,0.0
2017-04-16,65.4,0.0
2017-04-17,65.2,0.0
2017-04-18,65.3,0.0
2017-04-19,67.7,0.07
2017-04-20,65.2,0.0
2017-04-21,67.3,0.03
2017-04-22,72.6,0.04
2017-04-23,68.9,0.01
2017-04-24,65.3,0.04
2017-04-25,69.8,0.0
2017-04-26,64.9,0.0
2017-04-27,59.9,0.08
2017-04-28,62.9,0.11
2017-04-29,60.3,0.11
2017-04-30,64.7,0.0
2017-05-01,65.8,0.01
2017-05-02,70.7,0.01
2017-05-03,66.5,0.15
2017-05-04,64.8,0.04
2017-05-05,67.8,0.07
2017-05-06,58.6,0.01
2017-05-07,65.9,0.01
2017-05-08,67.4,0.05
2017-05-09,60.5,0.01
2017-05-10,68.3,0.0
2017-05-11,65.8,0.04
2017-05-12,63.4,0.02
2017-05-13,66.4,0.07
2017-05-14,71.2,0.01
2017-05-15,64.8,0.0
2017-05-16,64.9,0.01
2017-05-17,62.7,0.01
2017-05-18,61.4,0.02
2017-05-19,66.3,0.0
2017-05-20,61.1,0.04
2017-05-21,63.8,0.0
2017-05-22,62.0,0.01
2017-05-23,64.7,0.03
2017-05-24,64.2,0.01
2017-05-25,66.1,0.25
2017-05-26,61.3,0.04
2017-05-27,61.9,0.0
2017-05-28,59.7,0.01
2017-05-29,61.1,0.01
2017-05-30,63.4,0.0
2017-05-31,64.4,0.01
2017-06-01,59.2,0.04
2017-06-02,64.5,0.03
2017-06-03,65.8,0.05
2017-06-04,62.8,0.01
2017-06-05,67.0,0.12
2017-06-06,58.9,0.01
2017-06-07,57.4,0.0
2017-06-08,55.6,0.0
2017-06-09,65.3,0.04
2017-06-10,62.6,0.04
2017-06-11,60.3,0.01
2017-06-12,61.1,0.01
2017-06-13,56.8,0.03
2017-06-14,67.3,0.01
2017-06-15,60.2,0.0
2017-06-16,60.0,0.04
2017-06-17,61.6,0.08
2017-06-18,60.7,0.01
2017-06-19,59.8,0.01
2017-06-20,56.6,0.01
2017-06-21,60.2,0.02
2017-06-22,64.3,0.07
2017-06-23,62.5,0.0
2017-06-24,63.1,0.02
2017-06-25,56.6,0.0
2017-06-26,55.0,0.03
2017-06-27,57.4,0.01
2017-06-28,57.8,0.04
2017-06-29,60.7,0.04
2017-06-30,52.2,0.07
2017-07-01,61.7,0.05
2017-07-02,56.4,0.0
2017-07-03,55.5,0.01
2017-07-04,53.5,0.01
2017-07-05,51.4,0.03
2017-07-06,58.7,0.0
2017-07-07,56.3,0.06
2017-07-08,52.0,0.01
2017-07-09,51.8,0.0
2017-07-10,54.5,0.0
2017-07-11,60.4,0.02
2017-07-12,54.4,0.01
2017-07-13,50.5,0.0
2017-07-14,54.1,0.0
2017-07-15,53.9,0.0
2017-07-16,46.4,0.01
2017-07-17,54.2,0.03
2017-07-18,53.5,0.04
2017-07-19,56.1,0.01
2017-07-20,59.4,0.05
2017-07-21,57.1,0.05
2017-07-22,52.7,0.0
2017-07-23,50.1,0.0
2017-07-24,60.9,0.0
2017-07-25,53.2,0.01
2017-07-26,52.9,0.1
2017-07-27,52.7,0.01
2017-07-28,53.2,0.02
2017-07-29,52.0,0.11
2017-07-30,50.6,0.0
2017-07-31,50.5,0.01
2017-08-01,51.9,0.1
2017-08-02,50.2,0.02
2017-08-03,49.6,0.11
2017-08-04,51.9,0.0
2017-08-05,50.6,0.0
2017-08-06,55.8,0.07
2017-08-07,43.2,0.08
2017-08-08,54.3,0.05
2017-08-09,54.6,0.0
2017-08-10,44.5,0.01
2017-08-11,49.6,0.0
2017-08-12,49.3,0.0
2017-08-13,46.1,0.01
2017-08-14,47.9,0.01
2017-08-15,46.7,0.01
2017-08-16,55.2,0.02
2017-08-17,52.6,0.0
2017-08-18,53.5,0.11
2017-08-19,51.8,0.01
2017-08-20,46.1,0.0
2017-08-21,47.8,0.06
2017-08-22,50.7,0.01
2017-08-23,45.5,0.06
2017-08-24,51.2,0.01
2017-08-25,48.2,0.08
2017-08-26,47.7,0.07
2017-08-27,50.9,0.01
2017-08-28,50.0,0.03
2017-08-29,47.5,0.0
2017-08-30,51.9,0.01
2017-08-31,45.1,0.02
2017-09-01,50.1,0.0
2017-09-02,50.0,0.0
2017-09-03,47.2,0.01
2017-09-04,49.0,0.17
2017-09-05,44.2,0.0
2017-09-06,50.7,0.0
2017-09-07,47.3,0.03
2017-09-08,46.2,0.0
2017-09-09,50.8,0.01
2017-09-10,45.5,0.02
2017-09-11,43.3,0.01
2017-09-12,42.8,0.0
2017-09-13,49.3,0.0
2017-09-14,43.6,0.01
2017-09-15,52.6,0.02
2017-09-16,41.1,0.01
2017-09-17,52.4,0.05
2017-09-18,47.9,0.03
2017-09-19,46.9,0.01
2017-09-20,45.5,0.0
2017-09-21,48.3,0.0
2017-09-22,47.0,0.0
2017-09-23,50.4,0.05
2017-09-24,47.4,0.01
2017-09-25,47.5,0.02
2017-09-26,45.9,0.06
2017-09-27,46.8,0.04
2017-09-28,47.9,0.01
2017-09-29,41.9,0.01
2017-09-30,43.0,0.02
2017-10-01,49.2,0.0
2017-10-02,47.5,0.0
2017-10-03,46.5,0.03
2017-10-04,47.1,0.03
2017-10-05,48.1,0.0
2017-10-06,45.4,0.0
2017-10-07,44.7,0.01
2017-10-08,47.7,0.04
2017-10-09,44.2,0.0
2017-10-10,48.4,0.05
2017-10-11,42.0,0.02
2017-10-12,50.3,0.01
2017-10-13,48.6,0.13
2017-10-14,48.0,0.03
2017-10-15,50.2,0.0
2017-10-16,52.3,0.0
2017-10-17,50.4,0.0
2017-10-18,41.9,0.0
2017-10-19,43.7,0.0
2017-10-20,45.7,0.03
2017-10-21,47.7,0.01
2017-10-22,49.2,0.0
2017-10-23,45.5,0.0
2017-10-24,48.4,0.03
2017-10-25,45.6,0.04
2017-10-26,46.1,0.03
2017-10-27,43.8,0.03
2017-10-28,45.3,0.1
2017-10-29,44.1,0.01
2017-10-30,45.3,0.12
2017-10-31,51.5,0.0
2017-11-01,45.6,1.23
2017-11-02,56.4,1.1
2017-11-03,50.1,0.11
2017-11-04,49.2,0.36
2017-11-05,46.2,0.03
2017-11-06,51.0,0.46
2017-11-07,47.3,0.55
2017-11-08,49.5,0.01
2017-11-09,56.9,0.23
2017-11-10,49.0,0.43
2017-11-11,52.9,0.32
2017-11-12,47.4,0.06
2017-11-13,49.5,0.07
2017-11-14,55.1,0.2
2017-11-15,48.0,0.15
2017-11-16,55.4,0.17
2017-11-17,52.3,0.05
2017-11-18,48.6,0.24
2017-11-19,52.3,0.78
2017-11-20,53.4,0.06
2017-11-21,52.5,0.19
2017-11-22,46.1,0.39
2017-11-23,48.7,0.24
2017-11-24,50.3,0.54
2017-11-25,51.0,0.08
2017-11-26,53.2,0.26
2017-11-27,52.0,0.51
2017-11-28,47.6,1.18
2017-11-29,52.9,0.25
2017-11-30,53.7,0.11
2017-12-01,53.7,0.11
2017-12-02,55.5,0.04
2017-12-03,54.9,0.83
2017-12-04,53.9,0.48
2017-12-05,52.5,0.07
2017-12-06,47.8,0.1
2017-12-07,54.3,0.25
2017-12-08,53.8,0.53
2017-12-09,54.1,0.36
2017-12-10,49.6,0.33
2017-12-11,50.4,0.28
2017-12-12,56.9,0.07
2017-12-13,53.8,0.25
2017-12-14,56.2,0.22
2017-12-15,54.4,0.04
2017-12-16,54.5,0.81
2017-12-17,57.4,0.13
2017-12-18,53.2,0.15
2017-12-19,55.2,0.18
2017-12-20,53.7,0.22
2017-12-21,54.0,0.18
2017-12-22,54.5,0.23
2017-12-23,56.3,0.27
2017-12-24,54.4,0.26
2017-12-25,59.7,0.33
2017-12-26,53.5,0.35
2017-12-27,55.8,0.35
2017-12-28,55.2,0.43
2017-12-29,61.0,0.11
2017-12-30,57.4,0.12
2017-12-31,60.1,0.54
2018-01-01,52.7,0.16
2018-01-02,58.1,0.21
2018-01-03,60.2,0.19
2018-01-04,57.9,1.15
2018-01-05,61.1,0.09
2018-01-06,56.5,0.09
2018-01-07,62.4,0.23
2018-01-08,65.3,0.2
2018-01-09,57.5,0.06
2018-01-10,57.4,0.21
2018-01-11,63.2,0.24
2018-01-12,63.8,0.14
2018-01-13,57.7,0.2
2018-01-14,58.1,0.1
2018-01-15,58.7,0.06
2018-01-16,55.7,0.15
2018-01-17,57.1,0.08
2018-01-18,57.0,0.05
2018-01-19,57.9,0.02
2018-01-20,60.3,0.28
2018-01-21,61.2,0.15
2018-01-22,65.3,0.54
2018-01-23,57.9,0.16
2018-01-24,64.0,0.28
2018-01-25,60.5,0.12
2018-01-26,61.2,0.22
2018-01-27,63.5,0.02
2018-01-28,58.3,0.15
2018-01-29,62.9,0.09
2018-01-30,62.4,0.5
2018-01-31,63.6,0.27
2018-02-01,63.1,0.44
2018-02-02,69.7,0.58
2018-02-03,60.6,0.14
2018-02-04,61.1,0.26
2018-02-05,60.9,0.07
2018-02-06,61.3,0.32
2018-02-07,61.2,0.36
2018-02-08,66.8,0.3
2018-02-09,67.6,0.14
2018-02-10,61.8,0.87
2018-02-11,61.1,0.24
2018-02-12,65.2,0.07
2018-02-13,62.2,0.39
2018-02-14,65.9,0.51
2018-02-15,64.7,0.07
2018-02-16,59.7,0.18
2018-02-17,69.0,0.04
2018-02-18,69.9,0.6
2018-02-19,62.7,0.21
2018-02-20,63.5,0.09
2018-02-21,65.7,0.51
2018-02-22,65.9,0.23
2018-02-23,67.0,0.46
2018-02-24,71.1,0.34
2018-02-25,64.7,0.08
2018-02-26,62.9,0.14
2018-02-27,61.3,0.1
2018-02-28,63.3,0.06
2018-03-01,65.5,0.03
2018-03-02,71.1,1.0
2018-03-03,64.2,0.3
2018-03-04,66.5,0.34
2018-03-05,65.9,0.56
2018-03-06,69.6,0.13
2018-03-07,73.7,0.05
2018-03-08,64.5,0.43
2018-03-09,64.7,0.06
2018-03-10,69.4,0.42
2018-03-11,68.4,0.04
2018-03-12,71.9,0.05
2018-03-13,68.2,0.12
2018-03-14,65.4,0.41
2018-03-15,68.3,0.79
2018-03-16,69.9,0.34
2018-03-17,69.1,0.13
2018-03-18,68.2,0.49
2018-03-19,69.9,0.04
2018-03-20,70.3,0.09
2018-03-21,71.0,0.25
2018-03-22,68.8,0.44
2018-03-23,66.4,0.19
2018-03-24,67.3,0.17
2018-03-25,70.5,0.18
2018-03-26,64.5,0.55
2018-03-27,68.1,0.1
2018-03-28,65.8,0.08
2018-03-29,67.1,0.18
2018-03-30,70.8,0.61
2018-03-31,67.6,0.12
2018-04-01,67.1,0.01
2018-04-02,62.9,0.12
2018-04-03,69.2,0.1
2018-04-04,68.9,0.01
2018-04-05,73.5,0.03
2018-04-06,66.0,0.03
2018-04-07,67.6,0.01
2018-04-08,67.7,0.03
2018-04-09,71.6,0.01
2018-04-10,66.6,0.09
2018-04-11,67.7,0.02
2018-04-12,68.7,0.0
2018-04-13,67.4,0.02
2018-04-14,65.4,0.06
2018-04-15,67.3,0.0
2018-04-16,69.9,0.0
2018-04-17,63.6,0.04
2018-04-18,67.0,0.04
2018-04-19,64.4,0.0
2018-04-20,70.1,0.0
2018-04-21,61.9,0.02
2018-04-22,64.7,0.0
2018-04-23,67.4,0.02
2018-04-24,70.9,0.01
2018-04-25,66.0,0.0
2018-04-26,64.4,0.03
2018-04-27,71.7,0.03
2018-04-28,61.6,0.01
2018-04-29,59.3,0.0
2018-04-30,67.1,0.0
2018-05-01,64.2,0.02
2018-05-02,62.6,0.01
2018-05-03,67.7,0.02
2018-05-04,66.2,0.01
2018-05-05,63.7,0.0
2018-05-06,61.4,0.06
2018-05-07,67.8,0.07
2018-05-08,67.0,0.0
2018-05-09,64.7,0.0
2018-05-10,70.4,0.03
2018-05-11,61.5,0.0
2018-05-12,60.1,0.06
2018-05-13,62.5,0.05
2018-05-14,64.3,0.08
2018-05-15,65.0,0.0
2018-05-16,63.5,0.12
2018-05-17,65.1,0.0
2018-05-18,60.2,0.01
2018-05-19,68.1,0.0
2018-05-20,63.4,0.0
2018-05-21,66.9,0.1
2018-05-22,64.4,0.01
2018-05-23,64.7,0.01
2018-05-24,64.9,0.02
2018-05-25,64.4,0.06
2018-05-26,64.8,0.11
2018-05-27,66.7,0.03
2018-05-28,63.2,0.01
2018-05-29,64.6,0.04
2018-05-30,62.0,0.08
2018-05-31,66.5,0.03
2018-06-01,60.0,0.0
2018-06-02,67.3,0.01
2018-06-03,61.6,0.01
2018-06-04,57.3,0.0
2018-06-05,61.8,0.12
2018-06-06,59.2,0.07
2018-06-07,63.6,0.02
2018-06-08,59.0,0.02
2018-06-09,59.4,0.05
2018-06-10,54.9,0.07
2018-06-11,59.1,0.01
2018-06-12,53.0,0.01
2018-06-13,55.4,0.01
2018-06-14,62.2,0.01
2018-06-15,62.2,0.02
2018-06-16,60.9,0.0
2018-06-17,56.6,0.03
2018-06-18,59.2,0.0
2018-06-19,59.1,0.01
2018-06-20,55.5,0.05
2018-06-21,63.3,0.08
2018-06-22,61.3,0.03
2018-06-23,57.8,0.0
2018-06-24,58.4,0.03
2018-06-25,58.7,0.02
2018-06-26,51.8,0.02
2018-06-27,57.0,0.03
2018-06-28,55.6,0.06
2018-06-29,54.4,0.01
2018-06-30,56.4,0.02
2018-07-01,62.5,0.01
2018-07-02,58.8,0.0
2018-07-03,55.0,0.16
2018-07-04,58.3,0.01
2018-07-05,60.6,0.02
2018-07-06,59.0,0.04
2018-07-07,56.2,0.0
2018-07-08,53.9,0.08
2018-07-09,57.8,0.0
2018-07-10,56.7,0.01
2018-07-11,58.1,0.0
2018-07-12,57.1,0.01
2018-07-13,58.2,0.05
2018-07-14,53.3,0.01
2018-07-15,58.6,0.0
2018-07-16,55.1,0.0
2018-07-17,60.6,0.0
2018-07-18,52.1,0.01
2018-07-19,59.2,0.01
2018-07-20,54.5,0.0
2018-07-21,51.8,0.04
2018-07-22,52.1,0.02
2018-07-23,52.4,0.0
2018-07-24,54.5,0.01
2018-07-25,54.6,0.0
2018-07-26,51.2,0.01
2018-07-27,52.7,0.1
2018-07-28,59.0,0.1
2018-07-29,57.6,0.01
2018-07-30,53.6,0.05
2018-07-31,52.3,0.0
2018-08-01,52.3,0.01
2018-08-02,53.7,0.0
2018-08-03,48.6,0.07
2018-08-04,50.8,0.07
2018-08-05,46.4,0.0
2018-08-06,52.5,0.01
2018-08-07,53.1,0.04
2018-08-08,49.5,0.12
2018-08-09,55.6,0.0
2018-08-10,47.0,0.0
2018-08-11,46.2,0.0
2018-08-12,51.1,0.0
2018-08-13,53.5,0.02
2018-08-14,55.2,0.03
2018-08-15,48.7,0.0
2018-08-16,53.2,0.0
2018-08-17,49.7,0.04
2018-08-18,49.2,0.01
2018-08-19,52.2,0.02
2018-08-20,51.4,0.0
2018-08-21,44.6,0.04
2018-08-22,53.7,0.03
2018-08-23,53.3,0.02
2018-08-24,47.2,0.0
2018-08-25,50.1,0.07
2018-08-26,50.3,0.02
2018-08-27,49.5,0.01
2018-08-28,47.0,0.05
2018-08-29,46.5,0.01
2018-08-30,48.4,0.02
2018-08-31,51.9,0.08
2018-09-01,49.9,0.01
2018-09-02,47.1,0.21
2018-09-03,50.4,0.06
2018-09-04,39.5,0.01
2018-09-05,51.4,0.08
2018-09-06,42.7,0.0
2018-09-07,46.7,0.05
2018-09-08,44.4,0.0
2018-09-09,43.8,0.0
2018-09-10,51.1,0.04
2018-09-11,46.2,0.03
2018-09-12,48.6,0.01
2018-09-13,47.3,0.0
2018-09-14,48.8,0.0
2018-09-15,47.6,0.01
2018-09-16,43.5,0.03
2018-09-17,50.3,0.02
2018-09-18,45.8,0.0
2018-09-19,42.5,0.09
2018-09-20,45.9,0.0
2018-09-21,51.6,0.1
2018-09-22,49.7,0.05
2018-09-23,46.0,0.0
2018-09-24,46.0,0.04
2018-09-25,46.1,0.0
2018-09-26,53.3,0.0
2018-09-27,48.2,0.0
2018-09-28,48.3,0.06
2018-09-29,50.1,0.02
2018-09-30,47.7,0.0
2018-10-01,46.2,0.0
2018-10-02,46.4,0.02
2018-10-03,46.8,0.0
2018-10-04,46.9,0.0
2018-10-05,49.2,0.0
2018-10-06,47.2,0.0
2018-10-07,49.3,0.01
2018-10-08,46.8,0.04
2018-10-09,47.3,0.01
2018-10-10,41.1,0.01
2018-10-11,49.9,0.04
2018-10-12,48.2,0.1
2018-10-13,50.2,0.01
2018-10-14,38.6,0.0
2018-10-15,53.6,0.01
2018-10-16,46.9,0.01
2018-10-17,50.7,0.1
2018-10-18,44.3,0.01
2018-10-19,49.3,0.0
2018-10-20,44.4,0.01
2018-10-21,45.7,0.0
2018-10-22,53.4,0.09
2018-10-23,47.2,0.02
2018-10-24,48.4,0.0
2018-10-25,50.5,0.0
2018-10-26,49.4,0.0
2018-10-27,48.5,0.02
2018-10-28,49.2,0.02
2018-10-29,55.4,0.0
2018-10-30,48.1,0.1
2018-10-31,48.9,0.0
2018-11-01,51.6,0.11
2018-11-02,51.8,0.21
2018-11-03,52.2,0.39
2018-11-04,50.6,0.25
2018-11-05,45.4,0.13
2018-11-06,53.8,0.51
2018-11-07,45.5,0.3
2018-11-08,50.0,0.25
2018-11-09,46.9,0.07
2018-11-10,49.1,0.47
2018-11-11,50.4,0.33
2018-11-12,50.5,0.34
2018-11-13,50.9,0.18
2018-11-14,54.6,0.15
2018-11-15,51.2,0.84
2018-11-16,49.3,0.15
2018-11-17,53.0,0.06
2018-11-18,53.8,0.26
2018-11-19,46.7,0.22
2018-11-20,52.3,0.53
2018-11-21,52.7,0.19
2018-11-22,49.9,0.38
2018-11-23,55.0,0.69
2018-11-24,50.6,0.31
2018-11-25,51.6,0.08
2018-11-26,50.8,0.32
2018-11-27,51.5,0.16
2018-11-28,48.3,0.28
2018-11-29,47.4,0.22
2018-11-30,56.7,0.06
2018-12-01,49.5,0.19
2018-12-02,49.2,0.07
2018-12-03,45.9,0.14
2018-12-04,50.6,0.47
2018-12-05,48.7,0.24
2018-12-06,57.8,0.36
2018-12-07,56.0,0.26
2018-12-08,51.1,0.17
2018-12-09,60.1,0.28
2018-12-10,56.4,0.03
2018-12-11,52.7,0.42
2018-12-12,46.3,0.1
2018-12-13,60.8,0.35
2018-12-14,49.9,0.16
2018-12-15,49.3,0.06
2018-12-16,57.5,0.11
2018-12-17,61.9,0.35
2018-12-18,58.9,1.04
2018-12-19,56.6,0.21
2018-12-20,56.9,0.95
2018-12-21,57.8,0.03
2018-12-22,57.7,0.18
2018-12-23,56.5,0.21
2018-12-24,56.1,0.36
2018-12-25,55.8,0.12
2018-12-26,53.9,0.3
2018-12-27,55.5,0.19
2018-12-28,51.4,0.59
2018-12-29,56.4,0.26
2018-12-30,53.9,1.44
2018-12-31,53.7,0.19
2019-01-01,57.7,0.56
2019-01-02,61.5,0.7
2019-01-03,60.3,0.41
2019-01-04,53.0,0.18
2019-01-05,54.9,0.07
2019-01-06,60.9,0.6
2019-01-07,55.3,0.13
2019-01-08,57.7,0.03
2019-01-09,60.2,0.27
2019-01-10,55.8,0.67
2019-01-11,59.2,0.07
2019-01-12,55.0,0.46
2019-01-13,57.4,0.02
2019-01-14,60.3,0.71
2019-01-15,54.8,0.32
2019-01-16,61.0,0.06
2019-01-17,59.8,0.43
2019-01-18,61.7,0.13
2019-01-19,60.9,0.09
2019-01-20,64.5,0.13
2019-01-21,60.9,0.39
2019-01-22,59.4,0.08
2019-01-23,61.2,0.01
2019-01-24,62.6,0.14
2019-01-25,61.3,0.62
2019-01-26,61.4,0.61
2019-01-27,59.4,0.13
2019-01-28,59.6,0.13
2019-01-29,57.6,0.12
2019-01-30,67.2,0.11
2019-01-31,58.4,0.12
2019-02-01,60.2,0.28
2019-02-02,60.2,0.63
2019-02-03,65.2,0.08
2019-02-04,61.8,0.1
2019-02-05,66.6,0.31
2019-02-06,60.9,0.41
2019-02-07,63.9,0.04
2019-02-08,60.7,0.81
2019-02-09,69.8,0.17
2019-02-10,59.9,0.04
2019-02-11,64.5,0.03
2019-02-12,65.6,0.03
2019-02-13,65.1,0.55
2019-02-14,63.4,0.24
2019-02-15,63.7,0.56
2019-02-16,64.4,0.2
2019-02-17,63.9,0.55
2019-02-18,67.4,0.2
2019-02-19,71.2,0.36
2019-02-20,63.0,0.22
2019-02-21,60.7,0.19
2019-02-22,64.6,0.09
2019-02-23,72.8,0.4
2019-02-24,62.7,0.07
2019-02-25,70.1,0.4
2019-02-26,70.3,0.25
2019-02-27,63.7,0.41
2019-02-28,67.2,0.27
2019-03-01,70.5,0.59
2019-03-02,64.5,0.33
2019-03-03,65.1,0.26
2019-03-04,64.1,0.61
2019-03-05,62.9,0.03
2019-03-06,64.0,0.05
2019-03-07,62.4,0.44
2019-03-08,66.2,0.23
2019-03-09,63.9,0.03
2019-03-10,67.0,0.13
2019-03-11,61.7,0.59
2019-03-12,67.4,0.26
2019-03-13,69.0,0.24
2019-03-14,60.5,0.11
2019-03-15,67.7,0.46
2019-03-16,70.3,0.21
2019-03-17,63.0,0.39
2019-03-18,71.7,0.1
2019-03-19,68.0,1.05
2019-03-20,64.7,0.67
2019-03-21,66.6,0.26
2019-03-22,68.5,0.31
2019-03-23,67.1,0.13
2019-03-24,68.5,0.42
2019-03-25,64.2,0.8
2019-03-26,67.5,0.4
2019-03-27,62.7,0.08
2019-03-28,66.6,0.79
2019-03-29,64.3,0.98
2019-03-30,64.8,0.33
2019-03-31,70.7,0.1
2019-04-01,70.3,0.08
2019-04-02,68.8,0.09
2019-04-03,63.7,0.04
2019-04-04,66.0,0.0
2019-04-05,70.6,0.01
2019-04-06,67.4,0.01
2019-04-07,73.9,0.08
2019-04-08,68.1,0.04
2019-04-09,67.5,0.01
2019-04-10,66.0,0.02
2019-04-11,67.3,0.02
2019-04-12,66.4,0.0
2019-04-13,68.9,0.01
2019-04-14,69.6,0.02
2019-04-15,64.4,0.01
2019-04-16,62.7,0.01
2019-04-17,61.1,0.01
2019-04-18,68.1,0.0
2019-04-19,63.2,0.06
2019-04-20,60.0,0.02
2019-04-21,67.6,0.06
2019-04-22,73.8,0.01
2019-04-23,66.3,0.0
2019-04-24,68.8,0.0
2019-04-25,66.4,0.03
2019-04-26,65.8,0.11
2019-04-27,68.8,0.03
2019-04-28,65.1,0.02
2019-04-29,66.7,0.04
2019-04-30,66.8,0.0
2019-05-01,63.7,0.12
2019-05-02,68.6,0.03
2019-05-03,65.0,0.01
2019-05-04,63.2,0.01
2019-05-05,67.0,0.0
2019-05-06,62.6,0.23
2019-05-07,65.2,0.06
2019-05-08,65.0,0.01
2019-05-09,68.2,0.0
2019-05-10,66.3,0.0
2019-05-11,64.7,0.0
2019-05-12,67.1,0.0
2019-05-13,68.7,0.03
2019-05-14,66.1,0.03
2019-05-15,64.3,0.0
2019-05-16,60.2,0.01
2019-05-17,60.9,0.01
2019-05-18,63.0,0.0
2019-05-19,62.0,0.01
2019-05-20,63.1,0.01
2019-05-21,63.7,0.01
2019-05-22,65.0,0.0
2019-05-23,63.1,0.0
2019-05-24,64.6,0.03
2019-05-25,63.2,0.0
2019-05-26,57.0,0.01
2019-05-27,59.9,0.1
2019-05-28,62.2,0.0
2019-05-29,58.8,0.15
2019-05-30,64.1,0.03
2019-05-31,66.8,0.01
2019-06-01,65.7,0.11
2019-06-02,61.2,0.04
2019-06-03,66.2,0.0
2019-06-04,62.0,0.0
2019-06-05,60.4,0.0
2019-06-06,59.4,0.05
2019-06-07,60.2,0.0
2019-06-08,59.8,0.0
2019-06-09,61.3,0.01
2019-06-10,61.1,0.05
2019-06-11,60.5,0.0
2019-06-12,61.6,0.0
2019-06-13,63.7,0.01
2019-06-14,62.8,0.01
2019-06-15,55.3,0.01
2019-06-16,52.0,0.02
2019-06-17,62.3,0.0
2019-06-18,55.2,0.01
2019-06-19,58.5,0.02
2019-06-20,55.5,0.0
2019-06-21,53.4,0.0
2019-06-22,60.3,0.01
2019-06-23,60.7,0.0
2019-06-24,56.6,0.08
2019-06-25,50.3,0.15
2019-06-26,56.3,0.09
2019-06-27,58.9,0.03
2019-06-28,53.2,0.0
2019-06-29,58.0,0.04
2019-06-30,57.2,0.02
2019-07-01,58.8,0.01
2019-07-02,57.3,0.01
2019-07-03,53.8,0.0
2019-07-04,60.2,0.04
2019-07-05,55.9,0.01
2019-07-06,56.1,0.0
2019-07-07,53.3,0.0
2019-07-08,54.6,0.01
2019-07-09,53.1,0.0
2019-07-10,55.0,0.01
2019-07-11,60.5,0.01
2019-07-12,51.1,0.06
2019-07-13,50.2,0.0
2019-07-14,59.3,0.02
2019-07-15,54.1,0.02
2019-07-16,52.5,0.01
2019-07-17,57.5,0.0
2019-07-18,52.4,0.0
2019-07-19,59.5,0.01
2019-07-20,55.9,0.0
2019-07-21,52.2,0.01
2019-07-22,60.0,0.07
2019-07-23,51.6,0.0
2019-07-24,55.4,0.0
2019-07-25,54.0,0.02
2019-07-26,56.8,0.01
2019-07-27,57.4,0.01
2019-07-28,52.7,0.0
2019-07-29,50.2,0.02
2019-07-30,53.7,0.01
2019-07-31,50.1,0.07
2019-08-01,58.0,0.0
2019-08-02,52.2,0.01
2019-08-03,50.6,0.01
2019-08-04,52.1,0.03
2019-08-05,47.4,0.02
2019-08-06,48.3,0.17
2019-08-07,54.7,0.03
2019-08-08,49.0,0.03
2019-08-09,47.7,0.0
2019-08-10,52.3,0.01
2019-08-11,54.1,0.0
2019-08-12,52.6,0.01
2019-08-13,53.3,0.0
2019-08-14,47.9,0.05
2019-08-15,45.8,0.0
2019-08-16,54.4,0.03
2019-08-17,48.9,0.03
2019-08-18,49.0,0.01
2019-08-19,53.6,0.0
2019-08-20,51.1,0.0
2019-08-21,50.7,0.05
2019-08-22,55.7,0.09
2019-08-23,47.2,0.06
2019-08-24,51.8,0.0
2019-08-25,49.1,0.0
2019-08-26,49.6,0.03
2019-08-27,53.3,0.0
2019-08-28,50.2,0.0
2019-08-29,50.2,0.0
2019-08-30,51.7,0.0
2019-08-31,47.3,0.03
2019-09-01,45.8,0.01
2019-09-02,45.1,0.0
2019-09-03,42.2,0.05
2019-09-04,54.2,0.0
2019-09-05,44.7,0.01
2019-09-06,47.2,0.01
2019-09-07,47.0,0.0
2019-09-08,48.7,0.01
2019-09-09,50.1,0.0
2019-09-10,50.2,0.01
2019-09-11,45.8,0.0
2019-09-12,47.0,0.01
2019-09-13,48.3,0.0
2019-09-14,46.7,0.0
2019-09-15,52.2,0.02
2019-09-16,48.8,0.0
2019-09-17,49.5,0.02
2019-09-18,49.2,0.0
2019-09-19,50.7,0.07
2019-09-20,47.7,0.02
2019-09-21,43.3,0.07
2019-09-22,48.3,0.01
2019-09-23,45.1,0.03
2019-09-24,45.5,0.0
2019-09-25,48.8,0.06
2019-09-26,50.7,0.02
2019-09-27,47.1,0.01
2019-09-28,47.9,0.0
2019-09-29,52.1,0.04
2019-09-30,47.7,0.01
2019-10-01,54.8,0.01
2019-10-02,48.7,0.02
2019-10-03,41.7,0.02
2019-10-04,49.3,0.0
2019-10-05,48.2,0.04
2019-10-06,50.9,0.02
2019-10-07,49.1,0.0
2019-10-08,46.7,0.0
2019-10-09,43.4,0.13
2019-10-10,46.5,0.02
2019-10-11,44.6,0.05
2019-10-12,45.4,0.0
2019-10-13,49.0,0.04
2019-10-14,52.3,0.09
2019-10-15,48.5,0.01
2019-10-16,43.8,0.01
2019-10-17,48.7,0.08
2019-10-18,51.0,0.0
2019-10-19,45.7,0.03
2019-10-20,47.1,0.0
2019-10-21,47.6,0.03
2019-10-22,45.3,0.02
2019-10-23,49.7,0.01
2019-10-24,47.4,0.0
2019-10-25,49.1,0.0
2019-10-26,45.3,0.01
2019-10-27,46.7,0.02
2019-10-28,50.2,0.0
2019-10-29,47.0,0.02
2019-10-30,53.4,0.01
2019-10-31,47.1,0.03
2019-11-01,49.1,0.2
2019-11-02,51.3,0.2
2019-11-03,44.3,0.56
2019-11-04,43.4,0.49
2019-11-05,44.2,0.25
2019-11-06,52.7,1.02
2019-11-07,47.3,0.14
2019-11-08,56.8,0.21
2019-11-09,47.5,0.23
2019-11-10,49.9,0.04
2019-11-11,54.0,0.23
2019-11-12,55.5,0.03
2019-11-13,55.8,0.12
2019-11-14,53.4,0.26
2019-11-15,53.0,0.05
2019-11-16,51.8,0.31
2019-11-17,52.5,0.1
2019-11-18,48.6,0.16
2019-11-19,47.9,0.36
2019-11-20,50.5,0.22
2019-11-21,50.1,0.31
2019-11-22,49.4,0.34
2019-11-23,53.0,0.21
2019-11-24,53.9,0.32
2019-11-25,51.5,0.12
2019-11-26,55.8,0.36
2019-11-27,48.1,0.19
2019-11-28,51.0,0.64
2019-11-29,49.6,0.26
2019-11-30,46.3,0.13
2019-12-01,51.8,0.36
2019-12-02,51.8,0.66
2019-12-03,56.9,0.15
2019-12-04,54.4,0.12
2019-12-05,49.6,0.26
2019-12-06,58.4,0.17
2019-12-07,56.6,0.36
2019-12-08,54.9,0.37
2019-12-09,52.6,0.04
2019-12-10,50.6,0.49
2019-12-11,52.5,0.1
2019-12-12,57.1,0.15
2019-12-13,59.6,0.31
2019-12-14,58.7,0.07
2019-12-15,52.8,0.12
2019-12-16,51.1,0.06
2019-12-17,55.0,0.52
2019-12-18,49.5,0.16
2019-12-19,55.9,0.05
2019-12-20,54.7,0.06
2019-12-21,53.9,0.46
2019-12-22,50.7,0.09
2019-12-23,57.2,0.14
2019-12-24,54.2,0.24
2019-12-25,52.5,0.17
2019-12-26,47.5,0.02
2019-12-27,56.2,0.39
2019-12-28,61.8,0.18
2019-12-29,61.6,0.3
2019-12-30,55.5,0.42
2019-12-31,55.2,0.01
2020-01-01,58.6,0.42
2020-01-02,54.3,1.3
2020-01-03,58.4,0.33
2020-01-04,60.0,0.65
2020-01-05,61.5,0.51
2020-01-06,57.7,0.41
2020-01-07,57.6,0.52
2020-01-08,55.7,0.59
2020-01-09,56.1,0.61
2020-01-10,58.0,0.06
2020-01-11,60.0,0.55
2020-01-12,61.8,0.18
2020-01-13,56.8,0.63
2020-01-14,63.9,0.36
2020-01-15,58.7,0.06
2020-01-16,59.7,0.7
2020-01-17,57.6,0.1
2020-01-18,52.8,0.17
2020-01-19,62.9,0.82
2020-01-20,62.6,0.27
2020-01-21,59.7,0.17
2020-01-22,60.9,0.22
2020-01-23,62.4,0.16
2020-01-24,56.3,0.45
2020-01-25,59.6,0.17
2020-01-26,63.7,0.22
2020-01-27,57.7,0.38
2020-01-28,62.5,0.35
2020-01-29,57.7,0.11
2020-01-30,63.3,0.46
2020-01-31,62.0,0.14
2020-02-01,57.4,0.07
2020-02-02,65.9,0.02
2020-02-03,60.3,0.2
2020-02-04,60.2,0.03
2020-02-05,63.4,0.1
2020-02-06,66.4,0.23
2020-02-07,60.0,0.58
2020-02-08,63.4,0.18
2020-02-09,64.6,0.04
2020-02-10,65.6,0.21
2020-02-11,64.1,0.57
2020-02-12,62.6,0.17
2020-02-13,61.4,0.66
2020-02-14,64.3,0.23
2020-02-15,60.9,0.42
2020-02-16,55.5,0.28
2020-02-17,65.7,0.64
2020-02-18,67.2,1.07
2020-02-19,57.5,0.15
2020-02-20,61.7,0.27
2020-02-21,66.7,0.58
2020-02-22,71.1,0.29
2020-02-23,65.1,0.02
2020-02-24,62.9,0.18
2020-02-25,64.7,0.29
2020-02-26,69.4,0.77
2020-02-27,63.5,0.26
2020-02-28,63.1,0.09
2020-02-29,64.1,0.3
2020-03-01,62.8,0.72
2020-03-02,66.1,0.12
2020-03-03,70.7,0.14
2020-03-04,66.9,0.13
2020-03-05,65.2,0.05
2020-03-06,65.2,0.25
2020-03-07,61.5,0.22
2020-03-08,68.9,0.02
2020-03-09,66.0,0.1
2020-03-10,65.8,0.28
2020-03-11,76.0,0.41
2020-03-12,67.4,0.51
2020-03-13,64.3,0.44
2020-03-14,65.3,0.23
2020-03-15,70.1,0.04
2020-03-16,67.0,0.19
2020-03-17,62.4,0.0
2020-03-18,69.5,0.28
2020-03-19,64.8,0.12
2020-03-20,72.4,0.01
2020-03-21,70.1,0.32
2020-03-22,65.5,0.71
2020-03-23,70.7,0.03
2020-03-24,67.1,0.35
2020-03-25,69.5,0.16
2020-03-26,68.4,0.1
2020-03-27,64.4,0.1
2020-03-28,65.1,0.16
2020-03-29,70.1,0.16
2020-03-30,66.0,0.22
2020-03-31,65.8,0.09
2020-04-01,64.1,0.0
2020-04-02,68.3,0.02
2020-04-03,73.2,0.0
2020-04-04,63.8,0.08
2020-04-05,67.0,0.02
2020-04-06,71.2,0.03
2020-04-07,66.7,0.05
2020-04-08,68.3,0.01
2020-04-09,63.7,0.03
2020-04-10,68.1,0.0
2020-04-11,66.3,0.03
2020-04-12,69.8,0.0
2020-04-13,70.3,0.0
2020-04-14,74.5,0.0
2020-04-15,68.4,0.04
2020-04-16,67.6,0.14
2020-04-17,67.2,0.0
2020-04-18,65.5,0.08
2020-04-19,67.5,0.0
2020-04-20,65.5,0.01
2020-04-21,66.9,0.01
2020-04-22,70.3,0.03
2020-04-23,63.2,0.05
2020-04-24,69.6,0.08
2020-04-25,70.1,0.08
2020-04-26,65.7,0.01
2020-04-27,59.6,0.11
2020-04-28,64.1,0.11
2020-04-29,69.7,0.0
2020-04-30,65.6,0.03
2020-05-01,62.6,0.0
2020-05-02,64.0,0.04
2020-05-03,68.0,0.06
2020-05-04,67.0,0.02
2020-05-05,64.5,0.01
2020-05-06,64.1,0.01
2020-05-07,63.9,0.01
2020-05-08,62.2,0.0
2020-05-09,69.7,0.01
2020-05-10,63.8,0.0
2020-05-11,68.3,0.0
2020-05-12,69.1,0.02
2020-05-13,67.4,0.01
2020-05-14,63.0,0.03
2020-05-15,65.4,0.0
2020-05-16,64.0,0.05
2020-05-17,61.2,0.02
2020-05-18,64.8,0.04
2020-05-19,60.1,0.01
2020-05-20,67.1,0.02
2020-05-21,62.0,0.02
2020-05-22,63.9,0.0
2020-05-23,64.0,0.03
2020-05-24,62.2,0.01
2020-05-25,64.6,0.0
2020-05-26,61.3,0.02
2020-05-27,65.2,0.04
2020-05-28,58.4,0.01
2020-05-29,62.7,0.0
2020-05-30,68.0,0.07
2020-05-31,59.0,0.04
2020-06-01,59.8,0.05
2020-06-02,63.3,0.02
2020-06-03,62.1,0.0
2020-06-04,62.5,0.03
2020-06-05,62.7,0.03
2020-06-06,63.0,0.04
2020-06-07,64.3,0.01
2020-06-08,62.0,0.02
2020-06-09,59.9,0.0
2020-06-10,62.5,0.01
2020-06-11,66.0,0.0
2020-06-12,59.7,0.0
2020-06-13,57.0,0.01
2020-06-14,63.1,0.0
2020-06-15,59.3,0.01
2020-06-16,53.0,0.04
2020-06-17,61.8,0.02
2020-06-18,57.5,0.28
2020-06-19,58.7,0.02
2020-06-20,59.8,0.05
2020-06-21,59.2,0.03
2020-06-22,60.6,0.02
2020-06-23,57.0,0.06
2020-06-24,59.7,0.03
2020-06-25,57.2,0.01
2020-06-26,60.0,0.01
2020-06-27,59.4,0.04
2020-06-28,54.6,0.05
2020-06-29,60.5,0.03
2020-06-30,55.5,0.02
2020-07-01,59.3,0.02
2020-07-02,57.8,0.08
2020-07-03,62.1,0.02
2020-07-04,55.7,0.05
2020-07-05,55.2,0.01
2020-07-06,56.0,0.0
2020-07-07,55.0,0.0
2020-07-08,58.1,0.01
2020-07-09,50.7,0.04
2020-07-10,52.2,0.2
2020-07-11,52.0,0.01
2020-07-12,57.9,0.0
2020-07-13,60.0,0.01
2020-07-14,54.4,0.0
2020-07-15,54.0,0.0
2020-07-16,54.6,0.01
2020-07-17,57.7,0.0
2020-07-18,51.3,0.0
2020-07-19,54.6,0.0
2020-07-20,56.6,0.02
2020-07-21,55.0,0.01
2020-07-22,54.0,0.0
2020-07-23,56.2,0.01
2020-07-24,45.0,0.03
2020-07-25,54.9,0.04
2020-07-26,50.8,0.03
2020-07-27,47.1,0.0
2020-07-28,54.0,0.02
2020-07-29,56.4,0.0
2020-07-30,51.7,0.1
2020-07-31,54.8,0.02
2020-08-01,56.7,0.02
2020-08-02,55.6,0.03
2020-08-03,56.5,0.04
2020-08-04,53.6,0.0
2020-08-05,51.5,0.04
2020-08-06,46.3,0.0
2020-08-07,50.2,0.0
2020-08-08,48.3,0.01
2020-08-09,57.2,0.0
2020-08-10,50.1,0.05
2020-08-11,50.8,0.0
2020-08-12,52.0,0.01
2020-08-13,50.3,0.02
2020-08-14,55.2,0.0
2020-08-15,48.1,0.05
2020-08-16,50.4,0.04
2020-08-17,47.5,0.04
2020-08-18,45.6,0.08
2020-08-19,47.6,0.0
2020-08-20,49.3,0.01
2020-08-21,48.0,0.01
2020-08-22,47.1,0.01
2020-08-23,44.8,0.0
2020-08-24,48.7,0.01
2020-08-25,44.3,0.0
2020-08-26,51.0,0.01
2020-08-27,48.9,0.01
2020-08-28,44.2,0.01
2020-08-29,47.5,0.02
2020-08-30,46.1,0.03
2020-08-31,49.2,0.01
2020-09-01,52.2,0.0
2020-09-02,42.5,0.02
2020-09-03,48.4,0.07
2020-09-04,47.5,0.02
2020-09-05,49.9,0.01
2020-09-06,48.5,0.0
2020-09-07,45.5,0.05
2020-09-08,46.7,0.0
2020-09-09,45.2,0.0
2020-09-10,50.8,0.02
2020-09-11,47.6,0.04
2020-09-12,53.2,0.01
2020-09-13,47.2,0.01
2020-09-14,45.2,0.08
2020-09-15,42.8,0.01
2020-09-16,41.9,0.02
2020-09-17,42.5,0.04
2020-09-18,48.0,0.03
2020-09-19,48.7,0.0
2020-09-20,42.4,0.0
2020-09-21,49.8,0.0
2020-09-22,45.6,0.03
2020-09-23,47.5,0.04
2020-09-24,51.9,0.01
2020-09-25,49.7,0.01
2020-09-26,46.2,0.02
2020-09-27,44.3,0.04
2020-09-28,40.5,0.02
2020-09-29,44.8,0.0
2020-09-30,46.4,0.0
2020-10-01,44.0,0.05
2020-10-02,46.6,0.02
2020-10-03,47.2,0.1
2020-10-04,46.4,0.04
2020-10-05,45.1,0.03
2020-10-06,47.6,0.02
2020-10-07,48.4,0.0
2020-10-08,43.8,0.0
2020-10-09,51.4,0.0
2020-10-10,46.9,0.01
2020-10-11,47.2,0.03
2020-10-12,49.3,0.0
2020-10-13,48.0,0.01
2020-10-14,50.2,0.02
2020-10-15,48.2,0.04
2020-10-16,45.6,0.04
2020-10-17,48.5,0.07
2020-10-18,44.1,0.01
2020-10-19,47.9,0.01
2020-10-20,47.5,0.0
2020-10-21,47.0,0.03
2020-10-22,47.3,0.0
2020-10-23,42.1,0.04
2020-10-24,46.2,0.0
2020-10-25,48.2,0.0
2020-10-26,48.5,0.0
2020-10-27,45.0,0.0
2020-10-28,52.0,0.0
2020-10-29,45.6,0.01
2020-10-30,51.2,0.01
2020-10-31,49.7,0.1
2020-11-01,46.6,0.15
2020-11-02,53.9,0.35
2020-11-03,45.1,0.03
2020-11-04,51.5,0.24
2020-11-05,51.9,0.21
2020-11-06,47.0,0.51
2020-11-07,53.3,0.33
2020-11-08,48.4,0.27
2020-11-09,50.2,0.02
2020-11-10,50.2,0.96
2020-11-11,49.1,0.42
2020-11-12,52.1,0.11
2020-11-13,52.1,0.26
2020-11-14,44.6,0.16
2020-11-15,53.9,0.19
2020-11-16,45.1,0.6
2020-11-17,53.4,0.08
2020-11-18,53.8,0.43
2020-11-19,47.2,0.62
2020-11-20,49.4,0.38
2020-11-21,47.5,0.2
2020-11-22,50.3,0.1
2020-11-23,50.1,0.12
2020-11-24,53.5,0.26
2020-11-25,55.3,0.24
2020-11-26,55.7,0.47
2020-11-27,49.9,0.04
2020-11-28,51.1,0.6
2020-11-29,46.9,1.45
2020-11-30,49.6,0.22
2020-12-01,55.1,0.19
2020-12-02,57.2,0.21
2020-12-03,48.8,0.26
2020-12-04,50.9,0.17
2020-12-05,52.7,0.02
2020-12-06,53.8,0.2
2020-12-07,50.7,0.27
2020-12-08,54.6,0.65
2020-12-09,52.0,0.08
2020-12-10,53.6,0.85
2020-12-11,55.4,0.16
2020-12-12,54.0,0.09
2020-12-13,52.8,0.42
2020-12-14,54.0,0.14
2020-12-15,54.2,0.22
2020-12-16,53.5,0.24
2020-12-17,54.0,0.4
2020-12-18,59.7,0.22
2020-12-19,56.8,0.2
2020-12-20,54.4,0.16
2020-12-21,57.5,0.36
2020-12-22,54.6,0.14
2020-12-23,59.3,0.66
2020-12-24,57.1,0.24
2020-12-25,55.8,0.03
2020-12-26,57.7,0.31
2020-12-27,51.8,0.35
2020-12-28,53.3,0.67
2020-12-29,53.2,0.11
2020-12-30,57.4,0.09
2020-12-31,62.4,0.41
2021-01-01,63.9,0.59
2021-01-02,59.3,0.1
2021-01-03,59.0,0.3
2021-01-04,52.3,0.22
2021-01-05,56.2,0.11
2021-01-06,55.7,0.21
2021-01-07,56.3,0.56
2021-01-08,57.9,0.24
2021-01-09,57.1,0.2
2021-01-10,52.8,0.39
2021-01-11,61.1,0.6
2021-01-12,55.8,0.08
2021-01-13,59.9,0.31
2021-01-14,65.6,0.16
2021-01-15,56.8,0.24
2021-01-16,52.1,0.42
2021-01-17,59.0,0.18
2021-01-18,63.4,0.22
2021-01-19,66.1,0.52
2021-01-20,56.7,0.34
2021-01-21,62.0,0.21
2021-01-22,59.3,0.26
2021-01-23,60.5,0.25
2021-01-24,68.9,0.02
2021-01-25,56.7,0.27
2021-01-26,62.1,0.05
2021-01-27,62.9,0.58
2021-01-28,64.9,0.05
2021-01-29,62.1,0.16
2021-01-30,62.9,0.13
2021-01-31,60.9,0.76
2021-02-01,63.0,0.56
2021-02-02,61.4,0.01
2021-02-03,64.4,0.23
2021-02-04,61.6,0.07
2021-02-05,63.9,0.27
2021-02-06,62.9,0.41
2021-02-07,66.5,0.29
2021-02-08,63.1,0.43
2021-02-09,58.0,0.18
2021-02-10,67.3,0.3
2021-02-11,60.9,0.42
2021-02-12,61.8,0.15
2021-02-13,62.1,0.09
2021-02-14,68.1,0.12
2021-02-15,57.7,0.21
2021-02-16,73.6,0.24
2021-02-17,67.5,0.31
2021-02-18,65.1,0.11
2021-02-19,64.4,0.43
2021-02-20,65.6,0.89
2021-02-21,66.4,0.13
2021-02-22,66.8,1.27
2021-02-23,66.7,0.98
2021-02-24,65.4,0.24
2021-02-25,64.6,0.2
2021-02-26,64.9,0.12
2021-02-27,64.8,0.48
2021-02-28,68.9,0.25
2021-03-01,67.4,0.28
2021-03-02,56.9,0.1
2021-03-03,67.7,0.49
2021-03-04,66.4,0.19
2021-03-05,65.9,0.07
2021-03-06,64.8,0.22
2021-03-07,69.4,0.1
2021-03-08,69.0,0.67
2021-03-09,63.9,0.97
2021-03-10,67.5,0.22
2021-03-11,63.4,0.55
2021-03-12,62.3,0.54
2021-03-13,64.6,0.12
2021-03-14,69.1,0.26
2021-03-15,69.4,0.15
2021-03-16,68.2,0.11
2021-03-17,68.8,0.57
2021-03-18,68.2,0.15
2021-03-19,64.8,0.31
2021-03-20,68.1,0.53
2021-03-21,69.2,0.7
2021-03-22,69.1,0.07
2021-03-23,70.4,0.08
2021-03-24,69.0,0.29
2021-03-25,68.0,0.01
2021-03-26,70.2,0.08
2021-03-27,66.9,0.62
2021-03-28,64.3,0.4
2021-03-29,66.5,0.21
2021-03-30,64.8,0.35
2021-03-31,65.0,0.42
2021-04-01,66.6,0.0
2021-04-02,64.6,0.01
2021-04-03,66.1,0.03
2021-04-04,61.3,0.0
2021-04-05,67.6,0.19
2021-04-06,67.0,0.06
2021-04-07,64.5,0.01
2021-04-08,68.9,0.0
2021-04-09,69.7,0.0
2021-04-10,62.1,0.0
2021-04-11,64.6,0.0
2021-04-12,64.5,0.08
2021-04-13,64.0,0.01
2021-04-14,69.2,0.01
2021-04-15,66.1,0.01
2021-04-16,65.9,0.19
2021-04-17,60.6,0.0
2021-04-18,68.5,0.15
2021-04-19,62.8,0.0
2021-04-20,66.7,0.0
2021-04-21,67.3,0.07
2021-04-22,70.5,0.0
2021-04-23,62.4,0.01
2021-04-24,57.2,0.06
2021-04-25,66.7,0.05
2021-04-26,71.5,0.03
2021-04-27,69.8,0.0
2021-04-28,66.6,0.0
2021-04-29,64.4,0.01
2021-04-30,68.2,0.0
2021-05-01,62.8,0.0
2021-05-02,67.1,0.01
2021-05-03,67.1,0.0
2021-05-04,68.6,0.04
2021-05-05,73.6,0.01
2021-05-06,66.4,0.01
2021-05-07,63.6,0.04
2021-05-08,65.0,0.02
2021-05-09,59.7,0.0
2021-05-10,62.8,0.02
2021-05-11,63.5,0.01
2021-05-12,63.1,0.0
2021-05-13,65.0,0.04
2021-05-14,61.9,0.0
2021-05-15,67.7,0.01
2021-05-16,64.2,0.0
2021-05-17,64.0,0.03
2021-05-18,62.9,0.0
2021-05-19,64.3,0.01
2021-05-20,66.2,0.0
2021-05-21,61.0,0.01
2021-05-22,61.4,0.0
2021-05-23,62.4,0.01
2021-05-24,59.1,0.04
2021-05-25,60.6,0.01
2021-05-26,61.4,0.12
2021-05-27,65.4,0.0
2021-05-28,63.4,0.0
2021-05-29,63.0,0.01
2021-05-30,64.9,0.0
2021-05-31,61.7,0.01
2021-06-01,63.2,0.01
2021-06-02,61.6,0.02
2021-06-03,62.5,0.02
2021-06-04,59.8,0.0
2021-06-05,54.1,0.01
2021-06-06,60.8,0.0
2021-06-07,65.4,0.0
2021-06-08,63.7,0.02
2021-06-09,63.7,0.01
2021-06-10,64.3,0.0
2021-06-11,60.7,0.01
2021-06-12,60.9,0.04
2021-06-13,58.3,0.06
2021-06-14,59.0,0.02
2021-06-15,61.6,0.17
2021-06-16,63.2,0.02
2021-06-17,59.1,0.02
2021-06-18,58.0,0.01
2021-06-19,59.1,0.01
2021-06-20,60.8,0.01
2021-06-21,54.5,0.04
2021-06-22,51.7,0.0
2021-06-23,56.8,0.08
2021-06-24,54.6,0.01
2021-06-25,56.6,0.0
2021-06-26,57.5,0.01
2021-06-27,56.4,0.01
2021-06-28,62.0,0.06
2021-06-29,58.4,0.0
2021-06-30,58.2,0.0
2021-07-01,59.0,0.01
2021-07-02,53.5,0.01
2021-07-03,59.9,0.03
2021-07-04,56.3,0.03
2021-07-05,58.4,0.01
2021-07-06,53.0,0.0
2021-07-07,51.4,0.0
2021-07-08,58.3,0.03
2021-07-09,56.8,0.04
2021-07-10,52.8,0.03
2021-07-11,52.8,0.02
2021-07-12,58.6,0.01
2021-07-13,51.5,0.07
2021-07-14,59.8,0.01
2021-07-15,52.0,0.02
2021-07-16,56.4,0.02
2021-07-17,53.4,0.05
2021-07-18,56.0,0.0
2021-07-19,52.4,0.01
2021-07-20,53.4,0.01
2021-07-21,53.8,0.03
2021-07-22,50.5,0.03
2021-07-23,55.6,0.01
2021-07-24,51.7,0.06
2021-07-25,52.4,0.01
2021-07-26,49.9,0.03
2021-07-27,45.1,0.05
2021-07-28,52.0,0.01
2021-07-29,59.7,0.03
2021-07-30,54.6,0.02
2021-07-31,52.1,0.06
2021-08-01,51.2,0.06
2021-08-02,51.9,0.0
2021-08-03,53.3,0.0
2021-08-04,48.0,0.05
2021-08-05,54.7,0.0
2021-08-06,53.4,0.08
2021-08-07,53.3,0.01
2021-08-08,52.3,0.0
2021-08-09,50.9,0.07
2021-08-10,52.7,0.02
2021-08-11,52.4,0.0
2021-08-12,49.4,0.02
2021-08-13,48.6,0.05
2021-08-14,50.5,0.07
2021-08-15,54.7,0.0
2021-08-16,46.2,0.02
2021-08-17,45.4,0.0
2021-08-18,50.2,0.01
2021-08-19,49.7,0.03
2021-08-20,50.0,0.05
2021-08-21,50.1,0.01
2021-08-22,48.6,0.0
2021-08-23,53.6,0.02
2021-08-24,44.2,0.0
2021-08-25,46.4,0.0
2021-08-26,48.5,0.0
2021-08-27,43.8,0.01
2021-08-28,48.1,0.0
2021-08-29,53.5,0.0
2021-08-30,48.5,0.0
2021-08-31,49.1,0.01
2021-09-01,44.5,0.03
2021-09-02,46.4,0.07
2021-09-03,47.0,0.04
2021-09-04,47.1,0.01
2021-09-05,51.8,0.03
2021-09-06,49.6,0.01
2021-09-07,44.5,0.01
2021-09-08,48.5,0.01
2021-09-09,49.2,0.01
2021-09-10,51.1,0.07
2021-09-11,52.3,0.0
2021-09-12,44.5,0.01
2021-09-13,45.0,0.03
2021-09-14,43.6,0.0
2021-09-15,46.7,0.03
2021-09-16,48.7,0.02
2021-09-17,50.2,0.03
2021-09-18,47.0,0.01
2021-09-19,46.2,0.0
2021-09-20,47.6,0.03
2021-09-21,44.6,0.05
2021-09-22,53.4,0.03
2021-09-23,42.3,0.0
2021-09-24,47.6,0.03
2021-09-25,53.1,0.0
2021-09-26,47.1,0.07
2021-09-27,46.5,0.0
2021-09-28,45.9,0.02
2021-09-29,46.5,0.07
2021-09-30,51.1,0.0
2021-10-01,40.4,0.0
2021-10-02,51.6,0.0
2021-10-03,42.7,0.0
2021-10-04,46.2,0.01
2021-10-05,45.7,0.0
2021-10-06,48.8,0.02
2021-10-07,42.3,0.04
2021-10-08,48.5,0.03
2021-10-09,53.2,0.08
2021-10-10,43.0,0.0
2021-10-11,47.7,0.02
2021-10-12,45.2,0.02
2021-10-13,48.5,0.0
2021-10-14,47.3,0.0
2021-10-15,45.4,0.03
2021-10-16,48.8,0.0
2021-10-17,52.8,0.01
2021-10-18,46.9,0.05
2021-10-19,49.6,0.0
2021-10-20,43.7,0.03
2021-10-21,44.7,0.04
2021-10-22,49.1,0.0
2021-10-23,52.2,0.03
2021-10-24,48.9,0.0
2021-10-25,46.9,0.0
2021-10-26,47.9,0.0
2021-10-27,44.3,0.02
2021-10-28,49.9,0.0
2021-10-29,50.8,0.0
2021-10-30,46.9,0.0
2021-10-31,46.9,0.0
2021-11-01,49.2,0.04
2021-11-02,47.2,0.17
2021-11-03,48.4,0.24
2021-11-04,55.0,0.44
2021-11-05,48.0,0.26
2021-11-06,47.8,0.17
2021-11-07,47.0,0.18
2021-11-08,51.3,0.41
2021-11-09,48.7,0.46
2021-11-10,47.4,0.08
2021-11-11,53.4,0.25
2021-11-12,53.8,0.45
2021-11-13,47.8,0.79
2021-11-14,44.2,0.64
2021-11-15,52.9,0.04
2021-11-16,48.0,0.23
2021-11-17,52.5,0.04
2021-11-18,44.3,0.75
2021-11-19,53.1,0.28
2021-11-20,46.9,0.46
2021-11-21,52.8,0.09
2021-11-22,50.8,0.12
2021-11-23,48.1,0.32
2021-11-24,49.8,0.6
2021-11-25,53.3,0.02
2021-11-26,51.7,0.55
2021-11-27,53.2,0.28
2021-11-28,57.5,0.02
2021-11-29,47.1,0.42
2021-11-30,56.8,0.44
2021-12-01,52.4,0.24
2021-12-02,49.5,0.13
2021-12-03,48.4,0.1
2021-12-04,52.0,0.35
2021-12-05,55.4,0.05
2021-12-06,52.4,0.69
2021-12-07,57.5,0.1
2021-12-08,48.8,0.51
2021-12-09,53.3,0.43
2021-12-10,49.7,0.31
2021-12-11,54.7,0.54
2021-12-12,56.4,0.08
2021-12-13,52.7,0.51
2021-12-14,46.3,0.5
2021-12-15,54.9,0.5
2021-12-16,55.8,0.36
2021-12-17,55.8,0.08
2021-12-18,58.5,0.16
2021-12-19,51.7,0.56
2021-12-20,57.2,0.17
2021-12-21,58.9,0.08
2021-12-22,50.1,1.1
2021-12-23,56.6,0.03
2021-12-24,54.3,0.14
2021-12-25,55.7,0.4
2021-12-26,57.2,1.17
2021-12-27,54.9,0.19
2021-12-28,54.5,0.17
2021-12-29,56.8,0.22
2021-12-30,53.6,0.08
2021-12-31,53.7,0.05
2022-01-01,59.2,0.51
2022-01-02,53.9,0.25
2022-01-03,59.5,0.02
2022-01-04,59.1,0.07
2022-01-05,52.7,0.77
2022-01-06,56.0,0.63
2022-01-07,61.8,0.1
2022-01-08,55.4,0.35
2022-01-09,57.1,0.04
2022-01-10,60.1,0.14
2022-01-11,61.2,0.3
2022-01-12,58.3,0.15
2022-01-13,57.4,0.21
2022-01-14,63.7,0.11
2022-01-15,64.8,0.04
2022-01-16,62.7,0.64
2022-01-17,60.1,0.02
2022-01-18,57.6,0.4
2022-01-19,57.7,0.19
2022-01-20,61.9,0.65
2022-01-21,61.8,0.2
2022-01-22,64.9,0.27
2022-01-23,62.8,0.21
2022-01-24,56.5,0.38
2022-01-25,64.3,0.08
2022-01-26,58.3,0.14
2022-01-27,60.3,0.62
2022-01-28,62.4,0.42
2022-01-29,67.8,0.31
2022-01-30,71.3,0.27
2022-01-31,63.9,0.16
2022-02-01,61.7,0.19
2022-02-02,64.0,0.3
2022-02-03,65.2,0.44
2022-02-04,61.7,0.3
2022-02-05,68.2,0.43
2022-02-06,63.6,0.37
2022-02-07,64.6,0.16
2022-02-08,65.2,0.14
2022-02-09,64.6,0.05
2022-02-10,66.0,0.39
2022-02-11,61.8,0.49
2022-02-12,62.1,0.21
2022-02-13,60.6,0.06
2022-02-14,65.3,0.06
2022-02-15,66.5,0.09
2022-02-16,65.6,0.13
2022-02-17,69.4,0.15
2022-02-18,64.5,0.24
2022-02-19,66.6,0.8
2022-02-20,61.4,0.36
2022-02-21,63.6,0.58
2022-02-22,67.0,0.09
2022-02-23,67.6,0.12
2022-02-24,64.2,0.25
2022-02-25,65.0,0.31
2022-02-26,60.8,0.14
2022-02-27,64.3,0.23
2022-02-28,68.2,0.73
2022-03-01,67.3,0.14
2022-03-02,67.2,0.16
2022-03-03,65.9,0.07
2022-03-04,65.9,0.66
2022-03-05,63.9,0.02
2022-03-06,68.1,0.28
2022-03-07,67.3,0.24
2022-03-08,67.6,0.11
2022-03-09,64.6,0.09
2022-03-10,59.8,0.14
2022-03-11,69.6,0.11
2022-03-12,65.0,0.09
2022-03-13,63.9,0.23
2022-03-14,68.6,0.1
2022-03-15,65.4,0.28
2022-03-16,69.8,0.35
2022-03-17,68.5,0.18
2022-03-18,68.8,0.23
2022-03-19,62.6,0.65
2022-03-20,70.4,0.39
2022-03-21,67.6,0.05
2022-03-22,65.7,0.48
2022-03-23,67.3,0.95
2022-03-24,61.6,0.45
2022-03-25,68.1,0.22
2022-03-26,63.9,0.41
2022-03-27,62.9,0.41
2022-03-28,62.4,0.48
2022-03-29,70.3,0.18
2022-03-30,65.1,0.04
2022-03-31,71.6,0.15
2022-04-01,65.4,0.03
2022-04-02,61.9,0.0
2022-04-03,63.6,0.01
2022-04-04,70.7,0.0
2022-04-05,66.5,0.04
2022-04-06,65.3,0.03
2022-04-07,67.4,0.04
2022-04-08,68.4,0.0
2022-04-09,70.3,0.01
2022-04-10,71.2,0.03
2022-04-11,65.8,0.0
2022-04-12,62.9,0.03
2022-04-13,65.6,0.01
2022-04-14,67.5,0.0
2022-04-15,63.8,0.01
2022-04-16,63.8,0.06
2022-04-17,67.7,0.11
2022-04-18,66.4,0.1
2022-04-19,66.6,0.02
2022-04-20,64.2,0.04
2022-04-21,65.7,0.01
2022-04-22,63.6,0.01
2022-04-23,69.0,0.02
2022-04-24,69.3,0.01
2022-04-25,60.6,0.15
2022-04-26,63.3,0.0
2022-04-27,61.5,0.2
2022-04-28,64.0,0.1
2022-04-29,65.6,0.03
2022-04-30,61.5,0.0
2022-05-01,63.0,0.02
2022-05-02,62.6,0.05
2022-05-03,66.2,0.06
2022-05-04,65.7,0.01
2022-05-05,63.2,0.05
2022-05-06,65.8,0.0
2022-05-07,63.5,0.0
2022-05-08,64.2,0.01
2022-05-09,70.0,0.15
2022-05-10,68.9,0.04
2022-05-11,60.9,0.06
2022-05-12,67.1,0.02
2022-05-13,67.0,0.0
2022-05-14,61.0,0.01
2022-05-15,66.8,0.0
2022-05-16,68.8,0.02
2022-05-17,60.7,0.2
2022-05-18,61.2,0.01
2022-05-19,66.9,0.01
2022-05-20,64.5,0.0
2022-05-21,65.2,0.17
2022-05-22,64.4,0.03
2022-05-23,64.5,0.0
2022-05-24,59.2,0.0
2022-05-25,66.2,0.03
2022-05-26,66.4,0.01
2022-05-27,62.0,0.02
2022-05-28,62.5,0.03
2022-05-29,57.9,0.01
2022-05-30,63.9,0.07
2022-05-31,63.9,0.0
2022-06-01,61.8,0.01
2022-06-02,65.2,0.01
2022-06-03,60.7,0.0
2022-06-04,63.3,0.01
2022-06-05,58.3,0.05
2022-06-06,61.2,0.17
2022-06-07,60.6,0.0
2022-06-08,61.6,0.0
2022-06-09,59.7,0.11
2022-06-10,60.2,0.23
2022-06-11,62.9,0.0
2022-06-12,59.0,0.0
2022-06-13,55.3,0.0
2022-06-14,65.2,0.06
2022-06-15,63.9,0.02
2022-06-16,55.8,0.01
2022-06-17,61.5,0.01
2022-06-18,57.8,0.1
2022-06-19,59.9,0.01
2022-06-20,59.8,0.02
2022-06-21,58.1,0.0
2022-06-22,56.3,0.0
2022-06-23,56.4,0.0
2022-06-24,55.5,0.0
2022-06-25,55.6,0.0
2022-06-26,57.7,0.04
2022-06-27,55.6,0.0
2022-06-28,59.6,0.02
2022-06-29,61.9,0.0
2022-06-30,55.5,0.01
2022-07-01,57.8,0.08
2022-07-02,58.4,0.02
2022-07-03,58.2,0.03
2022-07-04,56.8,0.02
2022-07-05,58.6,0.04
2022-07-06,57.7,0.0
2022-07-07,52.3,0.0
2022-07-08,58.5,0.05
2022-07-09,58.4,0.0
2022-07-10,53.3,0.08
2022-07-11,55.5,0.0
2022-07-12,57.3,0.02
2022-07-13,54.4,0.03
2022-07-14,58.1,0.0
2022-07-15,61.8,0.03
2022-07-16,52.2,0.07
2022-07-17,50.2,0.01
2022-07-18,55.1,0.01
2022-07-19,56.2,0.0
2022-07-20,53.2,0.0
2022-07-21,58.1,0.02
2022-07-22,49.5,0.0
2022-07-23,55.5,0.0
2022-07-24,51.4,0.0
2022-07-25,58.2,0.01
2022-07-26,58.9,0.03
2022-07-27,50.5,0.03
2022-07-28,50.9,0.07
2022-07-29,55.0,0.08
2022-07-30,51.1,0.0
2022-07-31,52.0,0.01
2022-08-01,52.1,0.0
2022-08-02,46.1,0.12
2022-08-03,51.7,0.07
2022-08-04,49.5,0.02
2022-08-05,49.9,0.04
2022-08-06,55.6,0.0
2022-08-07,47.4,0.01
2022-08-08,53.4,0.0
2022-08-09,50.0,0.0
2022-08-10,49.9,0.0
2022-08-11,53.0,0.0
2022-08-12,51.5,0.04
2022-08-13,52.0,0.0
2022-08-14,53.1,0.0
2022-08-15,49.1,0.0
2022-08-16,48.1,0.03
2022-08-17,46.6,0.08
2022-08-18,47.2,0.0
2022-08-19,58.4,0.0
2022-08-20,53.2,0.02
2022-08-21,45.3,0.06
2022-08-22,45.3,0.01
2022-08-23,50.6,0.0
2022-08-24,50.7,0.01
2022-08-25,50.6,0.0
2022-08-26,48.1,0.02
2022-08-27,48.4,0.0
2022-08-28,49.6,0.01
2022-08-29,48.8,0.1
2022-08-30,41.8,0.0
2022-08-31,47.7,0.05
2022-09-01,45.7,0.01
2022-09-02,48.7,0.01
2022-09-03,57.1,0.03
2022-09-04,49.1,0.01
2022-09-05,47.0,0.01
2022-09-06,50.7,0.0
2022-09-07,49.3,0.03
2022-09-08,49.0,0.0
2022-09-09,49.5,0.01
2022-09-10,53.8,0.01
2022-09-11,44.2,0.0
2022-09-12,48.9,0.03
2022-09-13,44.7,0.0
2022-09-14,49.1,0.03
2022-09-15,44.6,0.01
2022-09-16,46.1,0.01
2022-09-17,46.4,0.0
2022-09-18,50.2,0.02
2022-09-19,50.0,0.08
2022-09-20,43.4,0.0
2022-09-21,47.3,0.01
2022-09-22,45.0,0.01
2022-09-23,43.3,0.02
2022-09-24,46.4,0.02
2022-09-25,46.1,0.01
2022-09-26,54.3,0.0
2022-09-27,48.3,0.01
2022-09-28,42.9,0.01
2022-09-29,45.3,0.03
2022-09-30,50.1,0.01
2022-10-01,53.3,0.02
2022-10-02,42.2,0.07
2022-10-03,41.4,0.0
2022-10-04,52.6,0.02
2022-10-05,48.2,0.06
2022-10-06,44.4,0.08
2022-10-07,48.7,0.06
2022-10-08,39.2,0.0
2022-10-09,47.1,0.01
2022-10-10,48.1,0.01
2022-10-11,49.9,0.0
2022-10-12,44.1,0.04
2022-10-13,47.5,0.03
2022-10-14,44.5,0.0
2022-10-15,48.1,0.04
2022-10-16,44.7,0.0
2022-10-17,46.2,0.0
2022-10-18,44.5,0.0
2022-10-19,49.4,0.02
2022-10-20,50.1,0.01
2022-10-21,46.9,0.0
2022-10-22,47.8,0.11
2022-10-23,43.4,0.11
2022-10-24,46.9,0.01
2022-10-25,47.7,0.03
2022-10-26,55.8,0.03
2022-10-27,44.7,0.0
2022-10-28,52.5,0.0
2022-10-29,51.1,0.01
2022-10-30,49.1,0.18
2022-10-31,53.6,0.01
2022-11-01,49.5,0.08
2022-11-02,49.7,0.12
2022-11-03,48.4,0.12
2022-11-04,52.4,0.34
2022-11-05,52.1,0.31
2022-11-06,47.0,0.19
2022-11-07,45.0,0.02
2022-11-08,48.5,0.15
2022-11-09,46.8,0.81
2022-11-10,49.1,0.46
2022-11-11,53.1,0.08
2022-11-12,48.2,0.28
2022-11-13,49.5,0.2
2022-11-14,49.9,0.86
2022-11-15,52.4,0.2
2022-11-16,43.3,0.19
2022-11-17,48.3,0.86
2022-11-18,50.9,0.62
2022-11-19,54.0,0.27
2022-11-20,49.0,0.08
2022-11-21,45.0,0.45
2022-11-22,52.6,0.07
2022-11-23,49.0,0.31
2022-11-24,47.5,0.41
2022-11-25,49.3,0.05
2022-11-26,50.8,0.2
2022-11-27,49.7,0.34
2022-11-28,45.0,0.39
2022-11-29,54.5,0.4
2022-11-30,55.7,0.11
2022-12-01,54.0,0.15
2022-12-02,48.8,0.15
2022-12-03,51.8,0.7
2022-12-04,52.5,0.2
2022-12-05,54.5,0.55
2022-12-06,54.8,0.58
2022-12-07,50.8,1.04
2022-12-08,53.4,0.07
2022-12-09,54.7,0.36
2022-12-10,57.8,0.21
2022-12-11,55.7,0.24
2022-12-12,56.2,0.41
2022-12-13,54.2,0.12
2022-12-14,58.3,0.18
2022-12-15,55.5,0.01
2022-12-16,51.9,0.13
2022-12-17,58.8,0.86
2022-12-18,56.9,0.45
2022-12-19,53.6,0.41
2022-12-20,53.7,0.47
2022-12-21,56.2,0.23
2022-12-22,56.8,0.58
2022-12-23,56.2,0.12
2022-12-24,56.7,0.2
2022-12-25,61.1,0.2
2022-12-26,59.4,0.61
2022-12-27,56.9,0.11
2022-12-28,59.3,0.18
2022-12-29,53.6,0.14
2022-12-30,58.0,0.83
2022-12-31,62.4,0.58
2023-01-01,56.5,0.36
2023-01-02,54.8,0.47
2023-01-03,55.6,0.08
2023-01-04,54.4,0.4
2023-01-05,55.5,0.33
2023-01-06,56.9,0.11
2023-01-07,54.0,0.03
2023-01-08,58.4,0.26
2023-01-09,61.2,0.24
2023-01-10,56.0,0.03
2023-01-11,63.4,0.31
2023-01-12,60.6,0.45
2023-01-13,62.3,0.56
2023-01-14,57.4,0.22
2023-01-15,62.1,0.3
2023-01-16,56.4,0.56
2023-01-17,62.6,0.23
2023-01-18,60.6,0.12
2023-01-19,61.9,0.12
2023-01-20,56.8,0.48
2023-01-21,57.9,0.29
2023-01-22,62.5,0.18
2023-01-23,58.0,0.11
2023-01-24,62.4,0.17
2023-01-25,57.1,0.27
2023-01-26,63.9,0.79
2023-01-27,57.8,0.62
2023-01-28,63.3,0.88
2023-01-29,63.7,0.15
2023-01-30,59.8,0.02
2023-01-31,63.8,0.2
2023-02-01,63.0,0.4
2023-02-02,60.8,0.32
2023-02-03,59.5,1.3
2023-02-04,56.8,0.47
2023-02-05,63.9,0.13
2023-02-06,58.3,0.63
2023-02-07,63.4,0.03
2023-02-08,62.4,0.16
2023-02-09,65.4,0.17
2023-02-10,62.6,0.66
2023-02-11,62.6,0.33
2023-02-12,65.9,0.11
2023-02-13,64.9,0.06
2023-02-14,64.9,0.38
2023-02-15,65.5,1.27
2023-02-16,59.6,0.21
2023-02-17,66.6,0.03
2023-02-18,66.3,0.49
2023-02-19,61.5,0.37
2023-02-20,64.0,0.15
2023-02-21,64.7,0.06
2023-02-22,64.5,0.13
2023-02-23,66.0,0.24
2023-02-24,69.4,0.19
2023-02-25,68.5,0.06
2023-02-26,61.4,0.05
2023-02-27,67.3,0.11
2023-02-28,69.5,0.42
2023-03-01,66.7,0.18
2023-03-02,68.9,0.54
2023-03-03,71.8,0.15
2023-03-04,68.9,0.47
2023-03-05,66.7,0.45
2023-03-06,69.1,0.17
2023-03-07,66.5,0.9
2023-03-08,66.2,0.49
2023-03-09,65.2,0.6
2023-03-10,71.0,0.47
2023-03-11,63.9,0.17
2023-03-12,71.0,0.82
2023-03-13,68.0,0.51
2023-03-14,62.3,0.29
2023-03-15,67.7,0.58
2023-03-16,60.3,0.63
2023-03-17,68.5,0.56
2023-03-18,69.4,0.22
2023-03-19,65.0,0.07
2023-03-20,67.1,0.47
2023-03-21,72.7,0.3
2023-03-22,65.3,0.07
2023-03-23,63.7,0.27
2023-03-24,71.3,0.35
2023-03-25,72.8,0.28
2023-03-26,67.0,0.37
2023-03-27,70.0,0.16
2023-03-28,71.0,0.2
2023-03-29,64.8,0.41
2023-03-30,65.5,0.06
2023-03-31,70.7,0.63
2023-04-01,72.1,0.02
2023-04-02,68.7,0.04
2023-04-03,64.4,0.0
2023-04-04,72.9,0.01
2023-04-05,65.4,0.01
2023-04-06,66.0,0.01
2023-04-07,68.0,0.0
2023-04-08,71.6,0.0
2023-04-09,69.5,0.1
2023-04-10,68.1,0.07
2023-04-11,68.2,0.01
2023-04-12,67.0,0.0
2023-04-13,68.5,0.01
2023-04-14,59.2,0.01
2023-04-15,65.8,0.01
2023-04-16,67.4,0.03
2023-04-17,63.2,0.01
2023-04-18,67.7,0.0
2023-04-19,65.9,0.0
2023-04-20,71.8,0.11
2023-04-21,71.1,0.0
2023-04-22,65.0,0.01
2023-04-23,65.9,0.01
2023-04-24,66.0,0.02
2023-04-25,64.8,0.0
2023-04-26,66.7,0.0
2023-04-27,63.8,0.01
2023-04-28,62.6,0.03
2023-04-29,67.7,0.06
2023-04-30,67.7,0.08
2023-05-01,63.3,0.01
2023-05-02,68.3,0.0
2023-05-03,63.6,0.0
2023-05-04,66.2,0.0
2023-05-05,67.8,0.0
2023-05-06,65.2,0.01
2023-05-07,66.5,0.02
2023-05-08,63.5,0.0
2023-05-09,64.4,0.01
2023-05-10,64.2,0.11
2023-05-11,62.5,0.05
2023-05-12,64.1,0.01
2023-05-13,59.9,0.08
2023-05-14,62.9,0.01
2023-05-15,63.4,0.0
2023-05-16,63.4,0.02
2023-05-17,63.3,0.05
2023-05-18,63.7,0.18
2023-05-19,65.2,0.02
2023-05-20,66.3,0.03
2023-05-21,61.6,0.06
2023-05-22,59.8,0.0
2023-05-23,60.2,0.08
2023-05-24,61.7,0.01
2023-05-25,62.0,0.03
2023-05-26,60.6,0.02
2023-05-27,58.8,0.11
2023-05-28,61.2,0.04
2023-05-29,63.0,0.01
2023-05-30,64.1,0.0
2023-05-31,60.5,0.01
2023-06-01,60.8,0.0
2023-06-02,59.1,0.11
2023-06-03,61.6,0.0
2023-06-04,59.0,0.02
2023-06-05,63.1,0.08
2023-06-06,55.9,0.07
2023-06-07,60.0,0.11
2023-06-08,61.8,0.03
2023-06-09,61.3,0.04
2023-06-10,68.7,0.01
2023-06-11,61.5,0.0
2023-06-12,57.3,0.01
2023-06-13,59.8,0.01
2023-06-14,54.6,0.0
2023-06-15,59.6,0.01
2023-06-16,57.1,0.06
2023-06-17,62.2,0.04
2023-06-18,57.7,0.01
2023-06-19,58.8,0.03
2023-06-20,57.1,0.04
2023-06-21,64.0,0.0
2023-06-22,57.7,0.06
2023-06-23,64.0,0.02
2023-06-24,60.7,0.04
2023-06-25,59.6,0.0
2023-06-26,59.1,0.01
2023-06-27,59.0,0.03
2023-06-28,51.8,0.0
2023-06-29,56.6,0.02
2023-06-30,59.8,0.08
2023-07-01,56.9,0.03
2023-07-02,52.7,0.0
2023-07-03,56.6,0.0
2023-07-04,61.7,0.04
2023-07-05,60.1,0.02
2023-07-06,56.0,0.05
2023-07-07,58.9,0.04
2023-07-08,54.8,0.0
2023-07-09,50.6,0.0
2023-07-10,52.8,0.0
2023-07-11,60.1,0.03
2023-07-12,54.4,0.09
2023-07-13,54.3,0.01
2023-07-14,54.0,0.0
2023-07-15,60.4,0.01
2023-07-16,59.4,0.0
2023-07-17,61.0,0.01
2023-07-18,53.7,0.03
2023-07-19,54.9,0.0
2023-07-20,49.3,0.0
2023-07-21,58.1,0.03
2023-07-22,50.0,0.01
2023-07-23,54.0,0.01
2023-07-24,49.9,0.07
2023-07-25,51.3,0.0
2023-07-26,50.4,0.02
2023-07-27,50.9,0.0
2023-07-28,51.0,0.07
2023-07-29,50.8,0.02
2023-07-30,54.8,0.0
2023-07-31,48.8,0.03
2023-08-01,52.6,0.0
2023-08-02,55.5,0.06
2023-08-03,50.2,0.02
2023-08-04,49.4,0.0
2023-08-05,50.7,0.01
2023-08-06,54.8,0.06
2023-08-07,51.7,0.0
2023-08-08,49.4,0.0
2023-08-09,52.3,0.03
2023-08-10,47.4,0.02
2023-08-11,52.6,0.0
2023-08-12,51.7,0.03
2023-08-13,49.4,0.01
2023-08-14,47.7,0.01
2023-08-15,47.4,0.0
2023-08-16,51.5,0.01
2023-08-17,53.5,0.0
2023-08-18,47.8,0.1
2023-08-19,51.0,0.01
2023-08-20,43.2,0.01
2023-08-21,47.6,0.0
2023-08-22,49.2,0.0
2023-08-23,46.4,0.04
2023-08-24,46.2,0.01
2023-08-25,46.9,0.01
2023-08-26,49.7,0.01
2023-08-27,48.2,0.01
2023-08-28,41.9,0.03
2023-08-29,42.2,0.01
2023-08-30,46.6,0.01
2023-08-31,49.7,0.08
2023-09-01,40.0,0.08
2023-09-02,46.7,0.18
2023-09-03,46.5,0.0
2023-09-04,52.2,0.0
2023-09-05,46.8,0.02
2023-09-06,49.0,0.03
2023-09-07,48.2,0.08
2023-09-08,41.4,0.01
2023-09-09,50.0,0.04
2023-09-10,48.3,0.07
2023-09-11,49.1,0.0
2023-09-12,59.3,0.03
2023-09-13,41.2,0.01
2023-09-14,52.6,0.01
2023-09-15,46.5,0.0
2023-09-16,48.2,0.02
2023-09-17,47.1,0.08
2023-09-18,46.0,0.0
2023-09-19,45.5,0.02
2023-09-20,48.2,0.04
2023-09-21,42.6,0.07
2023-09-22,49.4,0.01
2023-09-23,45.8,0.0
2023-09-24,43.7,0.02
2023-09-25,45.7,0.0
2023-09-26,50.8,0.08
2023-09-27,45.4,0.01
2023-09-28,48.1,0.04
2023-09-29,44.8,0.01
2023-09-30,49.3,0.01
2023-10-01,49.1,0.12
2023-10-02,52.5,0.01
2023-10-03,46.5,0.0
2023-10-04,49.0,0.11
2023-10-05,47.3,0.05
2023-10-06,50.9,0.01
2023-10-07,44.9,0.01
2023-10-08,49.3,0.01
2023-10-09,46.5,0.0
2023-10-10,46.9,0.04
2023-10-11,47.4,0.0
2023-10-12,47.9,0.0
2023-10-13,46.9,0.01
2023-10-14,47.9,0.0
2023-10-15,52.0,0.0
2023-10-16,50.3,0.0
2023-10-17,50.0,0.14
2023-10-18,46.1,0.03
2023-10-19,44.8,0.0
2023-10-20,50.4,0.04
2023-10-21,50.2,0.01
2023-10-22,52.1,0.02
2023-10-23,45.9,0.03
2023-10-24,47.1,0.01
2023-10-25,42.9,0.0
2023-10-26,46.8,0.0
2023-10-27,51.0,0.13
2023-10-28,46.7,0.03
2023-10-29,50.1,0.02
2023-10-30,47.7,0.02
2023-10-31,49.3,0.03
2023-11-01,45.0,0.18
2023-11-02,48.8,0.08
2023-11-03,39.6,1.35
2023-11-04,48.1,0.27
2023-11-05,43.9,0.28
2023-11-06,52.5,0.19
2023-11-07,51.3,0.31
2023-11-08,50.5,0.46
2023-11-09,53.8,0.39
2023-11-10,46.5,0.56
2023-11-11,54.7,0.28
2023-11-12,52.3,0.18
2023-11-13,48.9,0.57
2023-11-14,53.2,0.65
2023-11-15,46.6,0.18
2023-11-16,47.5,0.08
2023-11-17,48.3,0.23
2023-11-18,48.7,0.09
2023-11-19,47.2,0.21
2023-11-20,54.2,0.33
2023-11-21,49.9,0.08
2023-11-22,51.8,0.22
2023-11-23,49.2,0.24
2023-11-24,45.6,0.48
2023-11-25,52.0,0.67
2023-11-26,45.6,0.17
2023-11-27,51.3,0.98
2023-11-28,47.5,0.42
2023-11-29,57.7,0.16
2023-11-30,54.6,0.17
2023-12-01,52.4,0.15
2023-12-02,56.0,0.14
2023-12-03,49.8,0.6
2023-12-04,54.1,0.45
2023-12-05,53.3,0.19
2023-12-06,53.6,0.12
2023-12-07,56.8,0.55
2023-12-08,55.3,0.27
2023-12-09,54.2,0.07
2023-12-10,48.5,0.01
2023-12-11,50.7,0.19
2023-12-12,53.4,0.29
2023-12-13,54.2,0.35
2023-12-14,50.7,0.71
2023-12-15,61.5,0.03
2023-12-16,59.0,0.27
2023-12-17,56.4,0.23
2023-12-18,55.0,0.08
2023-12-19,54.3,0.5
2023-12-20,52.3,0.19
2023-12-21,55.5,0.22
2023-12-22,56.2,0.11
2023-12-23,51.9,0.26
2023-12-24,56.8,0.37
2023-12-25,55.5,0.26
2023-12-26,50.4,0.15
2023-12-27,53.7,0.4
2023-12-28,55.2,0.4
2023-12-29,62.3,0.36
2023-12-30,58.5,0.49
2023-12-31,53.0,0.16
2024-01-01,58.6,0.13
2024-01-02,52.7,0.11
2024-01-03,60.8,0.07
2024-01-04,56.3,0.13
2024-01-05,57.6,0.15
2024-01-06,62.0,0.11
2024-01-07,54.3,0.22
2024-01-08,54.2,0.05
2024-01-09,56.8,0.49
2024-01-10,61.8,0.2
2024-01-11,54.3,0.29
2024-01-12,50.6,0.08
2024-01-13,57.9,0.23
2024-01-14,61.0,0.35
2024-01-15,63.2,0.27
2024-01-16,58.3,0.54
2024-01-17,58.7,0.3
2024-01-18,63.5,0.05
2024-01-19,54.6,0.16
2024-01-20,59.2,0.07
2024-01-21,61.1,0.47
2024-01-22,62.0,0.23
2024-01-23,59.3,0.57
2024-01-24,61.1,0.05
2024-01-25,53.7,0.16
2024-01-26,59.4,0.31
2024-01-27,62.8,0.13
2024-01-28,58.7,0.05
2024-01-29,62.0,0.66
2024-01-30,63.3,0.49
2024-01-31,61.1,0.13
2024-02-01,62.7,0.25
2024-02-02,59.5,0.08
2024-02-03,61.9,0.15
2024-02-04,64.5,0.05
2024-02-05,63.3,0.95
2024-02-06,61.2,0.25
2024-02-07,63.8,0.15
2024-02-08,65.4,0.03
2024-02-09,57.2,0.18
2024-02-10,67.0,0.15
2024-02-11,62.6,0.11
2024-02-12,65.0,0.16
2024-02-13,67.5,0.06
2024-02-14,59.9,0.53
2024-02-15,62.0,0.48
2024-02-16,63.4,0.61
2024-02-17,62.0,0.03
2024-02-18,69.7,0.91
2024-02-19,62.0,0.21
2024-02-20,63.0,0.05
2024-02-21,65.4,0.07
2024-02-22,61.3,0.22
2024-02-23,63.8,0.31
2024-02-24,66.1,0.13
2024-02-25,64.2,0.14
2024-02-26,65.0,0.12
2024-02-27,63.8,0.42
2024-02-28,61.0,0.1
2024-02-29,66.6,0.1
2024-03-01,70.9,0.95
2024-03-02,65.8,0.08
2024-03-03,66.5,0.05
2024-03-04,68.0,0.22
2024-03-05,62.2,0.13
2024-03-06,71.2,0.25
2024-03-07,66.7,0.46
2024-03-08,71.1,0.19
2024-03-09,64.1,0.26
2024-03-10,71.8,0.5
2024-03-11,68.7,0.29
2024-03-12,68.1,0.13
2024-03-13,67.2,0.51
2024-03-14,65.8,0.33
2024-03-15,70.2,0.75
2024-03-16,67.1,0.59
2024-03-17,60.8,0.13
2024-03-18,63.4,0.24
2024-03-19,66.2,0.2
2024-03-20,67.7,0.03
2024-03-21,66.7,0.08
2024-03-22,70.5,0.94
2024-03-23,61.0,0.07
2024-03-24,67.4,0.13
2024-03-25,61.5,0.14
2024-03-26,69.2,0.18
2024-03-27,66.7,0.15
2024-03-28,68.2,0.8
2024-03-29,64.4,0.08
2024-03-30,70.8,0.01
2024-03-31,70.1,0.23
2024-04-01,68.7,0.0
2024-04-02,66.6,0.06
2024-04-03,68.7,0.0
2024-04-04,64.9,0.12
2024-04-05,69.5,0.02
2024-04-06,71.9,0.01
2024-04-07,70.1,0.05
2024-04-08,64.7,0.06
2024-04-09,68.0,0.05
2024-04-10,63.0,0.01
2024-04-11,68.5,0.0
2024-04-12,68.1,0.02
2024-04-13,61.2,0.06
2024-04-14,63.2,0.01
2024-04-15,65.8,0.0
2024-04-16,65.7,0.02
2024-04-17,63.0,0.01
2024-04-18,67.7,0.01
2024-04-19,67.2,0.02
2024-04-20,65.8,0.04
2024-04-21,64.1,0.0
2024-04-22,69.5,0.06
2024-04-23,71.2,0.0
2024-04-24,64.7,0.02
2024-04-25,64.3,0.0
2024-04-26,67.5,0.08
2024-04-27,64.9,0.01
2024-04-28,65.5,0.04
2024-04-29,68.0,0.01
2024-04-30,60.0,0.01
2024-05-01,69.6,0.03
2024-05-02,65.8,0.06
2024-05-03,64.2,0.06
2024-05-04,65.1,0.02
2024-05-05,65.2,0.01
2024-05-06,60.0,0.01
2024-05-07,69.5,0.01
2024-05-08,65.1,0.0
2024-05-09,66.2,0.04
2024-05-10,67.6,0.0
2024-05-11,61.6,0.02
2024-05-12,65.9,0.01
2024-05-13,63.6,0.0
2024-05-14,66.8,0.0
2024-05-15,57.8,0.02
2024-05-16,63.8,0.0
2024-05-17,62.1,0.04
2024-05-18,65.1,0.05
2024-05-19,65.1,0.04
2024-05-20,61.4,0.02
2024-05-21,61.3,0.07
2024-05-22,63.0,0.13
2024-05-23,60.5,0.0
2024-05-24,65.5,0.0
2024-05-25,61.8,0.11
2024-05-26,54.0,0.01
2024-05-27,61.5,0.01
2024-05-28,59.3,0.01
2024-05-29,57.4,0.0
2024-05-30,58.4,0.12
2024-05-31,62.3,0.0
2024-06-01,65.8,0.0
2024-06-02,62.7,0.04
2024-06-03,59.7,0.01
2024-06-04,62.8,0.02
2024-06-05,59.9,0.0
2024-06-06,59.0,0.02
2024-06-07,57.5,0.0
2024-06-08,55.5,0.02
2024-06-09,59.4,0.1
2024-06-10,60.9,0.0
2024-06-11,60.0,0.0
2024-06-12,58.9,0.0
2024-06-13,57.1,0.06
2024-06-14,61.6,0.03
2024-06-15,55.7,0.13
2024-06-16,61.8,0.01
2024-06-17,56.3,0.1
2024-06-18,56.9,0.03
2024-06-19,54.6,0.0
2024-06-20,57.3,0.02
2024-06-21,61.6,0.02
2024-06-22,60.0,0.04
2024-06-23,61.2,0.08
2024-06-24,59.7,0.01
2024-06-25,54.6,0.02
2024-06-26,56.8,0.11
2024-06-27,55.3,0.0
2024-06-28,61.4,0.09
2024-06-29,53.7,0.01
2024-06-30,59.8,0.02
2024-07-01,59.6,0.0
2024-07-02,62.2,0.0
2024-07-03,55.3,0.0
2024-07-04,58.5,0.0
2024-07-05,63.1,0.0
2024-07-06,54.2,0.0
2024-07-07,51.3,0.01
2024-07-08,50.1,0.06
2024-07-09,57.7,0.02
2024-07-10,49.7,0.02
2024-07-11,54.1,0.0
2024-07-12,56.3,0.01
2024-07-13,55.4,0.0
2024-07-14,56.0,0.0
2024-07-15,55.2,0.01
2024-07-16,58.2,0.02
2024-07-17,51.3,0.0
2024-07-18,52.0,0.06
2024-07-19,51.6,0.06
2024-07-20,56.2,0.06
2024-07-21,56.2,0.01
2024-07-22,54.7,0.04
2024-07-23,56.8,0.0
2024-07-24,49.5,0.03
2024-07-25,57.9,0.02
2024-07-26,57.3,0.01
2024-07-27,54.8,0.0
2024-07-28,57.8,0.01
2024-07-29,47.3,0.02
2024-07-30,50.6,0.0
2024-07-31,49.8,0.0
2024-08-01,54.0,0.02
2024-08-02,48.5,0.0
2024-08-03,53.8,0.0
2024-08-04,55.5,0.0
2024-08-05,53.3,0.05
2024-08-06,52.0,0.21
2024-08-07,48.0,0.12
2024-08-08,48.3,0.0
2024-08-09,54.5,0.01
2024-08-10,52.9,0.01
2024-08-11,50.3,0.0
2024-08-12,49.1,0.0
2024-08-13,44.1,0.02
2024-08-14,46.9,0.04
2024-08-15,55.7,0.09
2024-08-16,46.0,0.02
2024-08-17,50.3,0.0
2024-08-18,52.6,0.01
2024-08-19,45.7,0.01
2024-08-20,49.9,0.0
2024-08-21,52.1,0.0
2024-08-22,49.2,0.01
2024-08-23,57.6,0.02
2024-08-24,43.9,0.03
2024-08-25,52.0,0.01
2024-08-26,48.2,0.03
2024-08-27,51.0,0.0
2024-08-28,49.9,0.12
2024-08-29,46.3,0.04
2024-08-30,49.1,0.01
2024-08-31,42.7,0.05
2024-09-01,50.0,0.01
2024-09-02,49.0,0.01
2024-09-03,50.0,0.01
2024-09-04,51.1,0.06
2024-09-05,49.0,0.01
2024-09-06,48.3,0.01
2024-09-07,45.1,0.0
2024-09-08,45.6,0.01
2024-09-09,51.2,0.17
2024-09-10,51.9,0.06
2024-09-11,46.8,0.16
2024-09-12,47.6,0.01
2024-09-13,44.7,0.0
2024-09-14,50.9,0.05
2024-09-15,49.3,0.01
2024-09-16,53.1,0.09
2024-09-17,44.6,0.0
2024-09-18,46.1,0.01
2024-09-19,47.9,0.01
2024-09-20,49.1,0.02
2024-09-21,46.5,0.11
2024-09-22,44.5,0.13
2024-09-23,49.7,0.05
2024-09-24,49.2,0.06
2024-09-25,44.3,0.0
2024-09-26,51.1,0.07
2024-09-27,50.5,0.01
2024-09-28,47.4,0.0
2024-09-29,47.2,0.0
2024-09-30,48.7,0.0
2024-10-01,44.4,0.0
2024-10-02,47.1,0.02
2024-10-03,40.6,0.01
2024-10-04,49.7,0.03
2024-10-05,42.4,0.0
2024-10-06,51.6,0.0
2024-10-07,46.1,0.03
2024-10-08,46.5,0.0
2024-10-09,45.2,0.17
2024-10-10,46.3,0.07
2024-10-11,51.4,0.02
2024-10-12,39.8,0.0
2024-10-13,51.1,0.02
2024-10-14,48.3,0.06
2024-10-15,43.7,0.0
2024-10-16,44.2,0.01
2024-10-17,52.5,0.0
2024-10-18,44.7,0.01
2024-10-19,44.1,0.05
2024-10-20,51.0,0.01
2024-10-21,48.7,0.06
2024-10-22,44.9,0.03
2024-10-23,48.4,0.0
2024-10-24,44.8,0.07
2024-10-25,51.2,0.01
2024-10-26,51.2,0.04
2024-10-27,49.7,0.04
2024-10-28,49.2,0.01
2024-10-29,53.5,0.02
2024-10-30,48.3,0.01
2024-10-31,44.9,0.0
2024-11-01,49.9,0.0
2024-11-02,54.9,0.18
2024-11-03,45.6,0.32
2024-11-04,47.7,0.7
2024-11-05,50.1,0.32
2024-11-06,48.8,0.06
2024-11-07,46.1,0.19
2024-11-08,52.6,0.2
2024-11-09,56.3,0.62
2024-11-10,50.0,0.33
2024-11-11,46.8,0.08
2024-11-12,45.0,0.14
2024-11-13,50.5,0.44
2024-11-14,53.2,0.28
2024-11-15,51.4,0.23
2024-11-16,50.1,0.19
2024-11-17,48.5,0.43
2024-11-18,47.1,0.16
2024-11-19,53.0,0.13
2024-11-20,53.4,0.49
2024-11-21,46.1,0.0
2024-11-22,55.7,0.07
2024-11-23,52.8,0.11
2024-11-24,55.4,0.52
2024-11-25,47.3,0.27
2024-11-26,47.4,0.07
2024-11-27,51.2,0.06
2024-11-28,53.3,0.53
2024-11-29,57.3,0.06
2024-11-30,54.2,0.12
2024-12-01,51.5,0.16
2024-12-02,49.3,0.36
2024-12-03,56.2,0.14
2024-12-04,49.8,0.05
2024-12-05,57.7,0.39
2024-12-06,52.1,0.38
2024-12-07,57.9,0.76
2024-12-08,55.3,0.29
2024-12-09,53.1,0.73
2024-12-10,52.1,0.16
2024-12-11,52.8,0.46
2024-12-12,55.2,0.71
2024-12-13,54.3,0.25
2024-12-14,52.5,0.23
2024-12-15,53.9,0.29
2024-12-16,54.8,0.34
2024-12-17,48.4,0.52
2024-12-18,56.3,0.2
2024-12-19,52.2,0.24
2024-12-20,51.8,0.14
2024-12-21,50.4,0.14
2024-12-22,50.2,0.09
2024-12-23,51.7,0.15
2024-12-24,53.8,0.08
2024-12-25,62.0,0.47
2024-12-26,54.7,0.4
2024-12-27,57.0,0.21
2024-12-28,57.9,0.29
2024-12-29,57.2,0.09
2024-12-30,56.8,0.22
2024-12-31,53.6,0.58
2025-01-01,61.5,0.56
2025-01-02,62.8,0.77
2025-01-03,52.5,0.47
2025-01-04,54.6,0.31
2025-01-05,57.0,0.45
2025-01-06,55.1,0.06
2025-01-07,59.7,0.43
2025-01-08,56.2,0.49
2025-01-09,65.0,0.22
2025-01-10,62.3,0.24
2025-01-11,59.5,0.18
2025-01-12,62.1,0.21
2025-01-13,62.5,0.27
2025-01-14,57.7,0.3
2025-01-15,57.1,0.1
2025-01-16,60.0,0.12
2025-01-17,62.5,0.4
2025-01-18,60.5,0.32
2025-01-19,55.5,0.1
2025-01-20,58.0,0.21
2025-01-21,60.3,0.85
2025-01-22,60.5,0.01
2025-01-23,66.8,0.0
2025-01-24,56.9,0.07
2025-01-25,62.7,0.17
2025-01-26,65.8,0.37
2025-01-27,68.3,0.35
2025-01-28,60.4,0.18
2025-01-29,63.3,0.68
2025-01-30,63.6,0.44
2025-01-31,62.7,0.12
2025-02-01,61.9,0.08
2025-02-02,63.7,0.27
2025-02-03,54.9,0.46
2025-02-04,64.7,0.87
2025-02-05,63.2,0.31
2025-02-06,62.3,0.16
2025-02-07,69.2,0.63
2025-02-08,61.2,0.44
2025-02-09,62.1,0.06
2025-02-10,69.5,0.17
2025-02-11,61.1,0.19
2025-02-12,62.1,0.44
2025-02-13,63.4,0.02
2025-02-14,66.5,0.16
2025-02-15,64.7,0.24
2025-02-16,60.4,0.19
2025-02-17,62.8,0.8
2025-02-18,62.6,0.52
2025-02-19,64.4,0.52
2025-02-20,66.0,0.15
2025-02-21,66.1,0.27
2025-02-22,59.6,0.09
2025-02-23,68.2,0.1
2025-02-24,65.9,0.53
2025-02-25,69.4,0.46
2025-02-26,66.6,0.09
2025-02-27,68.7,0.26
2025-02-28,66.9,0.04
2025-03-01,69.6,0.37
2025-03-02,67.2,0.08
2025-03-03,65.5,0.26
2025-03-04,72.7,0.85
2025-03-05,68.6,0.07
2025-03-06,67.7,0.32
2025-03-07,62.2,0.23
2025-03-08,62.3,0.06
2025-03-09,67.1,0.11
2025-03-10,66.7,0.34
2025-03-11,64.5,0.19
2025-03-12,66.8,0.69
2025-03-13,71.2,0.35
2025-03-14,68.6,0.08
2025-03-15,63.1,0.48
2025-03-16,66.3,0.52
2025-03-17,64.2,0.3
2025-03-18,65.5,0.38
2025-03-19,65.5,0.29
2025-03-20,65.3,0.61
2025-03-21,63.0,0.56
2025-03-22,66.5,0.04
2025-03-23,65.2,0.03
2025-03-24,58.1,0.2
2025-03-25,73.1,0.45
2025-03-26,70.2,0.6
2025-03-27,65.8,0.17
2025-03-28,67.0,0.19
2025-03-29,63.5,0.18
2025-03-30,72.1,0.22
2025-03-31,72.7,0.27
2025-04-01,67.5,0.02
2025-04-02,70.1,0.0
2025-04-03,67.5,0.0
2025-04-04,63.0,0.0
2025-04-05,65.7,0.0
2025-04-06,67.4,0.0
2025-04-07,65.6,0.09
2025-04-08,66.3,0.0
2025-04-09,66.6,0.01
2025-04-10,66.6,0.03
2025-04-11,67.0,0.0
2025-04-12,63.6,0.04
2025-04-13,64.6,0.01
2025-04-14,62.9,0.01
2025-04-15,69.7,0.0
2025-04-16,60.4,0.02
2025-04-17,70.1,0.0
2025-04-18,70.7,0.0
2025-04-19,65.6,0.01
2025-04-20,58.7,0.0
2025-04-21,65.3,0.01
2025-04-22,66.2,0.01
2025-04-23,63.3,0.05
2025-04-24,64.7,0.01
2025-04-25,70.8,0.0
2025-04-26,68.1,0.01
2025-04-27,63.3,0.03
2025-04-28,61.2,0.19
2025-04-29,64.9,0.04
2025-04-30,65.2,0.0
2025-05-01,67.2,0.02
2025-05-02,64.0,0.01
2025-05-03,67.1,0.03
2025-05-04,71.3,0.03
2025-05-05,67.8,0.0
2025-05-06,65.1,0.02
2025-05-07,64.6,0.0
2025-05-08,64.0,0.03
2025-05-09,68.5,0.02
2025-05-10,63.0,0.01
2025-05-11,64.9,0.07
2025-05-12,64.8,0.13
2025-05-13,63.0,0.0
2025-05-14,60.3,0.0
2025-05-15,65.3,0.01
2025-05-16,64.0,0.0
2025-05-17,65.6,0.0
2025-05-18,62.3,0.0
2025-05-19,67.5,0.0
2025-05-20,61.1,0.0
2025-05-21,68.7,0.01
2025-05-22,58.2,0.05
2025-05-23,64.6,0.07
2025-05-24,64.6,0.03
2025-05-25,60.6,0.0
2025-05-26,64.2,0.07
2025-05-27,66.6,0.0
2025-05-28,55.9,0.03
2025-05-29,64.0,0.01
2025-05-30,54.8,0.03
2025-05-31,59.3,0.03
2025-06-01,66.9,0.09
2025-06-02,60.1,0.0
2025-06-03,58.2,0.06
2025-06-04,61.0,0.0
2025-06-05,67.6,0.0
2025-06-06,55.8,0.03
2025-06-07,57.9,0.03
2025-06-08,65.4,0.0
2025-06-09,66.4,0.06
2025-06-10,60.3,0.0
2025-06-11,56.7,0.01
2025-06-12,66.6,0.0
2025-06-13,64.9,0.04
2025-06-14,62.0,0.0
2025-06-15,57.4,0.0
2025-06-16,59.5,0.01
2025-06-17,59.0,0.01
2025-06-18,60.3,0.0
2025-06-19,63.5,0.11
2025-06-20,61.6,0.01
2025-06-21,55.6,0.0
2025-06-22,62.8,0.02
2025-06-23,59.4,0.02
2025-06-24,60.3,0.0
2025-06-25,62.5,0.0
2025-06-26,54.6,0.02
2025-06-27,57.7,0.0
2025-06-28,56.0,0.03
2025-06-29,52.7,0.0
2025-06-30,58.3,0.01
2025-07-01,64.6,0.05
2025-07-02,51.4,0.01
2025-07-03,56.6,0.01
2025-07-04,58.5,0.01
2025-07-05,56.8,0.05
2025-07-06,55.9,0.0
2025-07-07,52.2,0.0
2025-07-08,56.6,0.13
2025-07-09,53.4,0.02
2025-07-10,49.0,0.02
2025-07-11,59.0,0.0
2025-07-12,58.1,0.04
2025-07-13,55.2,0.0
2025-07-14,55.6,0.01
2025-07-15,57.9,0.03
2025-07-16,55.2,0.18
2025-07-17,57.1,0.01
2025-07-18,53.3,0.01
2025-07-19,58.0,0.0
2025-07-20,54.8,0.01
2025-07-21,54.3,0.0
2025-07-22,49.7,0.0
2025-07-23,54.2,0.02
2025-07-24,50.7,0.0
2025-07-25,51.1,0.05
2025-07-26,50.5,0.06
2025-07-27,49.6,0.0
2025-07-28,59.0,0.0
2025-07-29,56.4,0.03
2025-07-30,58.0,0.0
2025-07-31,48.5,0.02
2025-08-01,52.2,0.01
2025-08-02,48.0,0.01
2025-08-03,49.6,0.02
2025-08-04,48.8,0.03
2025-08-05,55.1,0.01
2025-08-06,50.1,0.0
2025-08-07,54.3,0.02
2025-08-08,52.8,0.0
2025-08-09,57.8,0.02
2025-08-10,46.3,0.0
2025-08-11,54.4,0.0
2025-08-12,53.9,0.02
2025-08-13,47.4,0.01
2025-08-14,53.2,0.03
2025-08-15,51.1,0.05
2025-08-16,49.3,0.05
2025-08-17,47.4,0.06
2025-08-18,47.5,0.01
2025-08-19,55.7,0.0
2025-08-20,49.5,0.0
2025-08-21,51.7,0.06
2025-08-22,46.9,0.11
2025-08-23,46.8,0.09
2025-08-24,52.3,0.03
2025-08-25,44.9,0.0
2025-08-26,47.6,0.0
2025-08-27,48.8,0.0
2025-08-28,49.0,0.04
2025-08-29,48.0,0.01
2025-08-30,49.6,0.0
2025-08-31,50.4,0.0
2025-09-01,50.5,0.02
2025-09-02,45.2,0.1
2025-09-03,47.3,0.01
2025-09-04,51.6,0.01
2025-09-05,50.7,0.01
2025-09-06,43.8,0.0
2025-09-07,48.9,0.03
2025-09-08,41.8,0.01
2025-09-09,47.8,0.07
2025-09-10,53.3,0.07
2025-09-11,44.7,0.0
2025-09-12,45.0,0.0
2025-09-13,49.8,0.02
2025-09-14,42.8,0.03
2025-09-15,45.5,0.04
2025-09-16,49.1,0.0
2025-09-17,45.4,0.0
2025-09-18,46.5,0.03
2025-09-19,49.4,0.0
2025-09-20,48.4,0.02
2025-09-21,47.9,0.02
2025-09-22,46.1,0.01
2025-09-23,48.2,0.0
2025-09-24,46.7,0.01
2025-09-25,48.4,0.0
2025-09-26,45.5,0.08
2025-09-27,46.5,0.03
2025-09-28,44.0,0.03
2025-09-29,46.9,0.03
2025-09-30,44.6,0.03
2025-10-01,43.7,0.0
2025-10-02,47.8,0.0
2025-10-03,47.6,0.0
2025-10-04,49.4,0.05
2025-10-05,45.7,0.05
2025-10-06,48.3,0.08
2025-10-07,48.7,0.02
2025-10-08,48.4,0.0
